-- MySQL dump 10.13  Distrib 8.0.40, for Win64 (x86_64)
--
-- Host: k12a401.p.ssafy.io    Database: spico
-- ------------------------------------------------------
-- Server version	11.7.2-MariaDB-ubu2404

/*!40101 SET @OLD_CHARACTER_SET_CLIENT=@@CHARACTER_SET_CLIENT */;
/*!40101 SET @OLD_CHARACTER_SET_RESULTS=@@CHARACTER_SET_RESULTS */;
/*!40101 SET @OLD_COLLATION_CONNECTION=@@COLLATION_CONNECTION */;
/*!50503 SET NAMES utf8mb4 */;
/*!40103 SET @OLD_TIME_ZONE=@@TIME_ZONE */;
/*!40103 SET TIME_ZONE='+00:00' */;
/*!40014 SET @OLD_UNIQUE_CHECKS=@@UNIQUE_CHECKS, UNIQUE_CHECKS=0 */;
/*!40014 SET @OLD_FOREIGN_KEY_CHECKS=@@FOREIGN_KEY_CHECKS, FOREIGN_KEY_CHECKS=0 */;
/*!40101 SET @OLD_SQL_MODE=@@SQL_MODE, SQL_MODE='NO_AUTO_VALUE_ON_ZERO' */;
/*!40111 SET @OLD_SQL_NOTES=@@SQL_NOTES, SQL_NOTES=0 */;

--
-- Table structure for table `coaching_reports`
--

DROP TABLE IF EXISTS `coaching_reports`;
/*!40101 SET @saved_cs_client     = @@character_set_client */;
/*!50503 SET character_set_client = utf8mb4 */;
CREATE TABLE `coaching_reports` (
  `coaching_report_id` int(11) NOT NULL AUTO_INCREMENT,
  `coaching_practice_cnt` int(11) NOT NULL,
  `pause_count` int(11) DEFAULT NULL,
  `pronunciation_score` int(11) DEFAULT NULL,
  `record_url` varchar(255) DEFAULT NULL,
  `speech_speed` enum('FAST','MIDDLE','SLOW') DEFAULT NULL,
  `speech_volume` enum('LOUD','MIDDLE','QUIET') DEFAULT NULL,
  `practice_id` int(11) NOT NULL,
  PRIMARY KEY (`coaching_report_id`),
  UNIQUE KEY `UKiv7u1pism71xj34c8m1352f06` (`practice_id`)
) ENGINE=InnoDB AUTO_INCREMENT=13 DEFAULT CHARSET=utf8mb4 COLLATE=utf8mb4_uca1400_ai_ci;
/*!40101 SET character_set_client = @saved_cs_client */;

--
-- Dumping data for table `coaching_reports`
--

LOCK TABLES `coaching_reports` WRITE;
/*!40000 ALTER TABLE `coaching_reports` DISABLE KEYS */;
INSERT INTO `coaching_reports` VALUES (1,1,0,0,'url','MIDDLE','QUIET',3),(2,2,0,0,'url','FAST','QUIET',37),(3,1,1,0,'url','FAST','LOUD',67),(4,1,0,0,'url','SLOW','QUIET',95),(5,2,0,0,'url','SLOW','QUIET',97),(7,2,0,0,'url','SLOW','QUIET',125),(8,3,1,0,'url','FAST','LOUD',126),(9,4,0,0,'url','SLOW','LOUD',138),(10,5,0,0,'url','MIDDLE','LOUD',141),(11,1,0,0,'url','SLOW','LOUD',143),(12,2,0,0,'url','MIDDLE','LOUD',144);
/*!40000 ALTER TABLE `coaching_reports` ENABLE KEYS */;
UNLOCK TABLES;

--
-- Table structure for table `final_reports`
--

DROP TABLE IF EXISTS `final_reports`;
/*!40101 SET @saved_cs_client     = @@character_set_client */;
/*!50503 SET character_set_client = utf8mb4 */;
CREATE TABLE `final_reports` (
  `final_report_id` int(11) NOT NULL AUTO_INCREMENT,
  `final_practice_cnt` int(11) NOT NULL,
  `pause_count` int(11) DEFAULT NULL,
  `pause_score` int(11) DEFAULT NULL,
  `pronunciation_score` int(11) DEFAULT NULL,
  `script` text DEFAULT NULL,
  `script_match_rate` int(11) DEFAULT NULL,
  `speech_speed` enum('FAST','MIDDLE','SLOW') DEFAULT NULL,
  `speech_volume` enum('LOUD','MIDDLE','QUIET') DEFAULT NULL,
  `speed_score` int(11) DEFAULT NULL,
  `total_score` int(11) DEFAULT NULL,
  `video_url` varchar(255) DEFAULT NULL,
  `volume_score` int(11) DEFAULT NULL,
  `practice_id` int(11) NOT NULL,
  PRIMARY KEY (`final_report_id`),
  UNIQUE KEY `UKcuxw9tqlqklbaop6fxuy285xw` (`practice_id`)
) ENGINE=InnoDB AUTO_INCREMENT=91 DEFAULT CHARSET=utf8mb4 COLLATE=utf8mb4_uca1400_ai_ci;
/*!40101 SET character_set_client = @saved_cs_client */;

--
-- Dumping data for table `final_reports`
--

LOCK TABLES `final_reports` WRITE;
/*!40000 ALTER TABLE `final_reports` DISABLE KEYS */;
INSERT INTO `final_reports` VALUES (2,1,4,80,90,'안녕하세요. 오늘 저는 우리 일상 속 인공지능 어디까지 왔을까? 라는 주제로 발표를 시작하겠습니다. 최근 몇 년 사이 인공지능은 더울 먼 이상 먼 미래의 기술이 아니라 우리가 매일 마주하는 현실이 되었습니다. 아침에 눈을 뜨자마자 우리는 ai 기반의 날씨 앱으로 하루를 시작합니다. 출근길에는 내비게이션이 실시간 교통상황을 분석해 최적의 경로를 안내하고 사무실에 도착해서 는 ai 스케줄러가 회의를 정리해줍니다. 특히 우리가 자주 사용하는 스마트폰과 스피커 속에 ai 비서는? 날이 갈수록 더 똑똑해지고 있습니다. 오늘 점심 뭐 먹지? 같은 질문에도 이제 꽤 그럴듯한 대답을 내놓고 음악이나 뉴스도 우리 취향에 맞게 자동으로 추천해 줍니다.',100,'SLOW','QUIET',75,87,'video/video/final_result_20250520T152844.mp4',88,5),(3,1,7,0,69,'거기 가운데 실제로 한국에서. 모든것이 주어를 싸우는 거예요. 그래. 이런 이런 느낌이었어요. 홈이 이런 느낌으로 이미 좀 만들어 봐.',100,'SLOW','QUIET',0,17,'video/video/final_result_20250520T154610.mp4',0,8),(4,2,18,0,71,'아, 그래서 있는거지 어 깜짝이야. 그러니까 아니 그 혹시 우리 계정을 아시나? 아 입니다.  맞습니다. 안 뜻하는 그래서 되나요? 안 됐다는 끝난 거예요. 거예요. 그거는 발음 관련된 거예요. 발음 관련된 건데. 그건 그냥 안 됐다. 내서 ntt 가 끝났다는. 왜? 아니 근데 그러고 계속 기다려도 한거야?',100,'SLOW','QUIET',0,18,'video/video/final_result_20250520T155350.mp4',0,11),(5,2,7,80,88,'안녕하세요 발표를 시작하겠습니다. 네 있는 걸로. 있는 거에서 했어요. 어 어? 하나만 지금 없는 거는 내비게이션이 안돼서 있는 걸로 했어요. 페이스에 사용해서 그래서 프로토타입을 만들기 굉장히 쉬운 그런 프랑스의 너무 정성스럽게 하지마.',100,'SLOW','QUIET',75,18,'video/video/final_result_20250520T155350.mp4',88,13),(6,3,3,0,75,'그런데 같은 DO 를 쓰고 있으니까 일단 그렇게 되게 수용을 확인했거든요. Mt 리스트가 들어가지 뭘로야? 잠시만.',100,'SLOW','QUIET',0,19,'video/video/final_result_20250520T160212.mp4',0,15),(7,3,11,80,87,'안녕하세요 발표를 시작하겠습니다. 저는 리포트 생성할 길에서 지금 하고 있는데 리포트 생성 하니까 참 힘드네요. 사실 CSS 하려고 리포트 생성을 이어갈 거거든요. 근데 이거 참 권 아니네요. 이제 아직도 시간이 20초 십 초 나왔으니까 더 할 말이 없는데 말하면 자연스럽게 말을 해야 돼서 어떻게 못 할 말이 없는데 이제 곧 끝나겠네요. 이제 발표를 마치겠습니다. 감사합니다.',100,'SLOW','QUIET',75,22,'video/final_result_20250520T160641.mp4',88,16),(8,4,0,0,79,'원래.',100,'SLOW','QUIET',0,20,'video/final_result_20250520T160644.mp4',0,19),(9,5,9,0,55,'인생 가벼운 좋은 팔하고 11번째로 어 여러분들이 못하는 볼트 실행했을때 모양으로 키트를 파악한다 면서 환경이라든지 정보를.  더 많이 사용한다고 해요. 보수를 하나로 눈썹만 비교시 처음으로 모두 게임을 하는 것처럼 하고 그러나 이제.',100,'SLOW','QUIET',0,14,'video/video/final_result_20250520T161525.mp4',0,22),(10,1,13,80,81,'안녕하세요 발표를 시작하겠습니다. 아 저의 대본을 찾고 있는데 저희 대본이 어디있을까요? 프로젝트 있겠죠. 찾았어요? 요즘 소금 빵을 자주 먹고 있는데요. 소금 빵을 역시 기분이 제1 맛있는 것 같아요. 제가 옛날에 아오이 투표에서 월요일마다 초밥을 많이 사먹었어요. 벌써 파는 파스타, 샐러드랑 속옷 빵을 먹고 월요일마다 스탬프 두 배 이벤트에서 스탬프를 찍으면 은 스탬프가 빨리 찍혀서 다른 걸 사먹을 수 있었거든요. 그게 가성비가 좋더라구요.',100,'SLOW','QUIET',80,80,'video/final_result_20250520T161839.mp4',80,23),(11,6,NULL,NULL,NULL,'그런데 통증 메뉴에 시나리오도 없어 원래 원래 있었어요. 그래서. 근데. 근데 왔으나 있었으나 했었어야 했어. 난 그냥 내가 안 썼어. 아니, 내가 내가 말하는 있고 싶은 게 뭐냐 며. 어차피. 안 해도 돼? 오케이. Putting 하실 일 이 없어.',NULL,NULL,NULL,NULL,NULL,NULL,NULL,25),(12,7,NULL,NULL,NULL,'언니 왜 범죄 안 되는 거야? 이거?',NULL,NULL,NULL,NULL,NULL,NULL,NULL,27),(13,8,5,0,36,'그리고 데스크탑 멀티로 플랫폼에 크로스 플랫폼으로 지금 오를 수 있는 그런 대답을 이론이다 왔습니다. 서 여전히.  저.',100,'SLOW','QUIET',0,9,'video/video/final_result_20250520T164146.mp4',0,28),(14,9,NULL,NULL,NULL,'먹을 수가 없어요. 그래서 없으니 이를 언어를. 네. 커피. 물론. 어, 원래 메이커.',NULL,NULL,NULL,NULL,NULL,NULL,NULL,29),(15,10,NULL,NULL,NULL,'뭐 파견도 호기심 분 없죠? 바쁘게. 조금만 더. 그건 먹었습니다. 금요일로 해라. 아. 아니 영상이 왜 갔다? 안 오나 봐. 혹은. 열.',NULL,NULL,NULL,NULL,NULL,NULL,NULL,30),(16,11,1,0,55,'언니, 언니 분열 등 온 거야?',100,'SLOW','QUIET',0,14,'video/video/final_result_20250520T165751.mp4',0,31),(17,12,NULL,NULL,NULL,'안녕, 안녕, 안녕하세요? 어 그 girls 예. 아 i. Aloe. 귀엽게. 약간 무서워요. 멤버들이 모여. 나는요.',NULL,NULL,NULL,NULL,NULL,NULL,NULL,32),(18,13,7,0,71,'그. 어 일부 중간에 꺼 면은 따로 제작하는 것보다 하나 만든걸로 쓰는 게 좋으니까. 그래서 물어봤어요? 아래 여도 된다. 길어지면 안 된다는 거죠.',100,'SLOW','QUIET',0,18,'video/video/final_result_20250520T170727.mp4',0,33),(19,14,5,0,53,'나는. 안녕하세요. 알겠습니다. 할 거 않도록 기술은 하겠습니다. 내일 맞아요, 믿으십니까? 합니다.',100,'SLOW','QUIET',0,13,'video/video/final_result_20250520T171415.mp4',0,36),(20,4,10,0,66,'게다가 게다가 이 호텔 9승 삼 사 입니다. 그래서 내가 네가 뭘 뿌리 없는 드디어 너무 생각하고 내가 쓸 수 있는 물론 만 이거를 해 노께. 그래서 사이트에 들어가서 더 타이트한 네 올렸답니다. 오.',100,'SLOW','QUIET',0,17,'video/video/final_result_20250520T172317.mp4',0,44),(22,2,10,0,83,'대전 출전 계획에 대해 브리핑 드리겠습니다. 성심당의 석방을 500만 원 어치 사고 이글스파크에서 고래고래 소리를 지르며 야구를 관람할 계획입니다. 시간이 남으면 국립과학관 에 방문하여 공룡들과 인사하고 유인원 처럼 걷기 등 다양한 체험을 해 볼 예정입니다. 정말 이 방법은 어떻게 될까 들고 근데 어제 불어나고 이라고 예상했다.',100,'SLOW','QUIET',0,21,'video/video/final_result_20250520T173121.mp4',0,47),(23,3,6,0,88,'대전 출전 계획에 대해 브리핑 드리겠습니다. 성심당의 석방을 500만 원 어치 사고 이글스파크에서 고래고래 소리를 지르며 야구를 관람할 계획입니다. 시간이 남으면 국립과학관 에 방문하여 공룡들과 인사하고 유인원 처럼 걷기 등 다양한 체험을 해볼 예정입니다.',100,'SLOW','QUIET',0,22,'video/video/final_result_20250520T173825.mp4',0,48),(24,4,14,0,77,'대전 출장 계획에 대해 브리핑 드리겠습니다. 성심당 에서 빵을 500만 원 어치 사고 이글스파크에서 고래고래 소리를 지르며 야구를 관람할 계획입니다. 시간이 남으면 국립과학관 에 방문하여 공룡들과 인사하고 유인원 처럼 걷기 등 다양한 체험을 해볼 예정입니다. 그리고 꿈돌이 와 사진도 찍을 예정입니다. 요청을 하자. 하.',100,'SLOW','QUIET',0,19,'video/video/final_result_20250520T174219.mp4',0,49),(25,5,10,0,91,'잠깐만 안녕하세요. 저 저희 팀은 ai 기반 발표한 앱을 개발했습니다. 발표가 두렵거나 현 혼자 연습하기 어려운 사람들을 위해 실시간 피드백과 시뮬레이션이 기능을 제공합니다. 사용자는 대본을 등록하고 연습하면 어플이 성향, 속도, 발음 등 다양한 항목을 분석해 리포트를 제공합니다. 발표 후에는 ai 가 자동적으로 큐앤에이를 생성하고 이를 tts 로 질문을 주는 기능도 포함되어 있어 실전감각을 키우기 에 적합합니다. 누구나 발표를 잘할 수 있도록 돕는 도우미가 되는 것이 저의 목표입니다.',100,'SLOW','QUIET',0,23,'video/video/final_result_20250520T174627.mp4',0,50),(27,6,11,0,91,'안녕하세요. 저희 팀은 ai 기반 발표 연습을 개발했습니다. 발표가 두렵거나 혼자 연습하기 어려운 사람들을 위해 실시간 피드백과 시뮬레이션 기능을 제공합니다. 사용자는 대본을 등록하고 연습하면 어플이 성향, 속도, 발음 등 다양한 항목을 분석해 리포트를 제공합니다. 발표 후에는 ai 가 자동으로 UNA 를 생성합니다. 이를 통해 사용자는 실전감각을 키울 수 있습니다. 누구나 발표를 잘 할 수 있도록 돕는 도우미가 되는 것이 저희의 목표입니다.',100,'SLOW','QUIET',0,23,'video/video/final_result_20250520T174856.mp4',0,52),(28,7,11,0,93,'안녕하세요. 저희 팀은 ai 기반 발표 연습 어플을 개발했습니다. 발표가 두렵거나 혼자 연습하기 어려운 사람들을 위해 실시간 피드백과 시뮬레이션 기능을 제공합니다. 사용자는 대본을 등록하고 연습하면 어플이 성향, 속도, 화 름 등 다양한 항목을 분석해 리포트를 제공합니다. 발표 후에는 ai 가 자동적으로 유엔의 를 생성하여 질문 해 줍니다. 이를 통해 사용자는 실전감각을 키울 수 있습니다. 누구나 발표를 잘 할 수 있도록 돕는 도우미가 되는 것이 저희의 목표입니다.',100,'SLOW','QUIET',0,23,'video/video/final_result_20250520T175039.mp4',0,53),(29,15,NULL,NULL,NULL,'우리 백영자 에. 조금 연하게 했다. 일정한 대가를 할 수 있어요. 중학교 구경했어요. 음. 배경이 안정적이라고?',NULL,NULL,NULL,NULL,NULL,NULL,NULL,54),(30,16,3,0,62,'빨리 물어. 아니 잡아봐, 아니 뭘 잡아? 제가 왜 이렇게 했잖아, 먹어 될까요?',100,'SLOW','QUIET',0,16,'video/video/final_result_20250520T182500.mp4',0,57),(31,17,NULL,NULL,NULL,'도대체 무슨 문제가 있는 걸까요? 영단이 갔으. 멘트로 각각 요. 내 손안에 발표 코치로 갈까? 내가 지금 앞에 나는 당신의 ai 발표 메이트 라고 썼거든요. 내 손안의 발표 코치로 바꿀까? 나는 나쁘지 않은 것 같아요. 배 없었는데 그게 k.',NULL,NULL,NULL,NULL,NULL,NULL,NULL,58),(32,18,17,0,73,'그게 지금 질문만 NCT 를 쓰고 있는 건데 어? 그래서 디바이스를 를 까는 게 실패했다. 질문, 왜 랜덤 제품을 아직 없나요? 랜덤 수표의 지금 갑자기 꺼지는 문제가 왜 있을까요? 갑자기? 2번째. 얼마나 없는 어머? 비슷한데 계획이나? 음 약간 좀 많이. 그 친구가 장관의 많이, 그러면서 뭐가 있나요?',100,'SLOW','QUIET',0,18,'video/video/final_result_20250520T183353.mp4',0,59),(33,19,NULL,NULL,NULL,'그걸. 한 3개 정도 더 높지 않아 기대효과를? 아 기대감도 어떻게 쓴다? 아맞아 사실 gpt 한테 물어보면 되거든. 근데 나 이제 그냥 글을 생각하기가 싫어져 가지고 불이야 그냥 생각하기 싫어서 그랬어? 가야지 gpt 언제 쓰는 게 더 나은 거 아니야, 맞지? Closer 클로저 이번에 새롭게 클로드 아빠는 잘 안 해주더라. 나한테? 조금.',NULL,NULL,NULL,NULL,NULL,NULL,NULL,60),(34,20,12,0,82,'찍으면 넣은 거 맞지? 레이션. 아니 왜 이렇게 비어 보이지도 짧아지니까 아 미치겠네 어 이거 원래 원래 뭐 였는데 이런 거 원래 라인. K wto 에? 아 난 근데 근데 왜 그걸로 바꿨어? 우리 캐치프레이즈를 저걸로 하기를 해줘 그래. 사실 여기도 여기에 멘트가 다르거든요.',100,'SLOW','QUIET',0,21,'video/video/final_result_20250520T184228.mp4',0,61),(37,21,10,0,81,'네, 그거 관련해서 만들려고 이거 이거 응 한 관객 같은 대본을 해도 진짜 질 가능성이 있으니까. 일부 질문이 다이나믹 하지 않았으면 좋겠소. 아니, 내가 대처할 수 있는 선이 였으면 좋겠. ㅋ 그러면 진짜 의전에 다른 거 다. 괜찮고 질문에 대답을 해야 와 종료를 완전히 해와 아 맞아 맞아 맞아 맞아 맞아 맞아 맞아 맞아. 맞아 맞아 고치신.',100,'SLOW','QUIET',0,20,'video/video/final_result_20250520T184552.mp4',0,62),(38,8,10,0,82,'백프로 주는 거 아니야? 거의 비슷하게 해 봐봐. 어, 잠깐만 아 아, 이게 너 티비에 있는 거 맞지? 고래고래 씨를 소리를 지르며 이게 이게 db a 가는 거고. 안녕하세요. Ai 기왕 발표 연습에 스피커 를 개발했습니다. 스피커는 발표 발표 연습 표가 두려운 사람들을 위해 발표 연습을 도와주기 위한 어플입니다. 이를 통해 사용자는 발표 연습을 할 수 있습니다. 발표를 들어주셔서 감사합니다.',100,'SLOW','QUIET',0,21,'video/video/final_result_20250520T184922.mp4',0,63),(39,22,13,0,82,'고래고래 시위를 소리를 지르며 이게 이게 디비아 있는 거고. 이거 db 에 있는거 아니야? 이거 피트 콘텐츠인데 이거 이건데 이거 해야 되는데? 아, 이게 그 이게 나오지 이거 해 는다고 이거 내가 말한 거야? Tv 에 있는 거는 이거야? 띄어쓰기도 돼 있어 이렇게 돼있어요. 생각도 이거. 내가 실제로 말한 거 이게 스크립트 에? 어 왜 이게 지키지? 왜 내가 말한 게 찍혀?',100,'SLOW','QUIET',0,21,'video/video/final_result_20250520T184940.mp4',0,64),(40,23,11,0,83,'서비스 위치 서비스는 이런 겁니다. 말했으나 리포트에서 51번 너 뭐야 뭐야? 51번 자기가 자기 여기 대단하다. 예를 날리는 거지 아예? 음. 다들 각자의 자리에서 열심히 하고 이 소요 프로젝트 종료 내가 체크 안 했나? 어머니 대본 대본 대본이 아 스피커 있는 거야 될 거야.',100,'SLOW','QUIET',0,21,'video/video/final_result_20250520T185333.mp4',0,65),(41,9,10,0,90,'안녕하세요. 저희 팀은 ai 기반 발표 연수 어플을 개발했습니다. 발표가 두렵거나 혼자 연습하기 어려운 사람들을 위해 실시간 피드백 피드백 기능을 제공합니다. 사용자는 대본을 등록하고 연습할 수 있으며, 어플은 성향 속도, 발음 등 다양한 항목을 분석해 리포트를 제공합니다. 발표 후에는 ai 가 자동으로 큐앤에이를 생성해 주고 답변을 할 수 있어 실전감각을 키우기 위해 적합합니다. 누구나 발표를 잘할 수 있도록 돕는 도우미가 되는 것이 저의 목표입니다.',100,'SLOW','QUIET',0,23,'video/video/final_result_20250520T185412.mp4',0,66),(42,24,12,0,78,'아니 질문 2개 봤잖아. 아 내가 해볼게 어 첫번째 질문. STT 결과도 로그에 지키고 2번째 질문도 로그에 찍히는데 왜 파이널 리포트 스크린에 만한 뜨지 어 그래. 그럼 거의 다 된 것 같은데 야 많이 왔다. 첫번째 질문이 로그인 찍혀 답변이 찍혀 어 근데 왜 안 갈까 진짜 환장하겠네. 지금 한계로 하면 어떻게 어 지금 한 개로 하면 어떻게 한번 해볼까? 그냥 시원해 맞추자 그래 그래 이제 좀 빡친다. 그냥 그래.',100,'SLOW','QUIET',0,20,'video/video/final_result_20250520T185729.mp4',0,68),(43,7,9,0,89,'아. 대전 출장 계획에 대해 브리핑 드리겠습니다. 성심당 에서 빵을 500만 원 어치 사고 이글스파크에서 고래고래 소리를 지르며 야구를 관람할 계획입니다. 시간이 남으면 국립과학관 에 방문하여 공룡들과 인사하고 유인원 처럼 걷기 등 다양한 체험을 해볼 예정입니다.',66,'SLOW','QUIET',0,22,'video/video/final_result_20250520T103118.mp4',0,69),(44,25,12,0,73,'안 보고 있길 참 잘했다 또 지고 있네 아 잘됐다 음 어 기아랑 부산이랑 사이좋게 2-0으로 지고 있어 아니야 이제 사이 안 좋아 이상했어 세대 세대 맞았는데 김경일 좋으셨고. 그냥 길게. 이렇게 뭐 약간 약간 하늘을 하늘에 먼저 보냈네요?',100,'SLOW','QUIET',0,18,'video/video/final_result_20250520T190212.mp4',0,70),(45,26,13,0,86,'음. 잘못하면 돈이 많아야 되는데? 그럼 평생 못 할 수도 있는 거잖아. 많이 먹을 재벌 삼 세로 다시 태어나면 없잖아요. 당 내가 보기에는 돈 많은 사람과 결혼하는 걸렸고, 내가 돈을 많이 벌어야 돼. 내가 돈을 많이 벌려면. 열심히 일을 해야 되잖아. 인쇄물로 먹은 거 같은데? 사업 해야겠는데?',100,'SLOW','QUIET',0,22,'video/video/final_result_20250520T190615.mp4',0,71),(46,27,10,0,81,'응. 시간 연습 응? 문 좀 열심히 해보자. 제가 지금부터 집에 가려면 어떻게 할 수 있을까요? 어떻게 해야할까요, 어떻게 될까요? 음. 사진 노 증거 이 폰에도 드렸는데? 응. 손에 넣으려면?',100,'SLOW','QUIET',0,20,'video/video/final_result_20250520T191001.mp4',0,72),(47,8,11,0,82,'대전 출장 계획에 대해 브리핑 드리겠습니다. 성심당 에서 빵을 500만 원 어치 사고 이글스파크에서 고래고래 소리를 지르며 야구를 관리할 계획입니다. 시간이 남으면 국립과학관 에 방문하여 공룡들과 인사하고 유인원 처럼 걷기 등 다양한 체험을 해볼 예정입니다. 저예요. 아니요 제가 못했어요. 근데 있잖아요. 5.5명이다, 이런 5.5명이다. 5명 6명 이든.',100,'SLOW','QUIET',0,21,'video/video/final_result_20250521T092028.mp4',0,73),(51,9,10,0,81,'그거를 대전 출장 계획에 대해 브리핑을 드리겠습니다. 성심당 에서 빵을 500만 원 어치 사고 이글스파크에서 고래고래 소리를 지르며 야구를 관람할 계획입니다. 직원이 남으면 국립과학관 에 방문하여 공룡들과 인사하고 요인 원 처럼 걷기 등 다양한 체험을 해볼 예정입니다. 그러니까 이런 네.',100,'SLOW','QUIET',0,20,'video/video/final_result_20250521T093238.mp4',0,77),(53,10,9,0,70,'대전 출장 계획에 대해 브리핑 드리겠습니다. 성심당 에서 빵을 500만 원 어치 사고 이글스파크에서 고래고래 소리를 지르며 야구를 관람할 계획입니다. 시간이 남으면 국립과학관 에 방문하여 공룡들과 인사하고 유인원 처럼 걷기 등 다양한 체험을 해볼 예정입니다. 결혼 했어요, 응?',100,'SLOW','QUIET',0,18,'video/video/final_result_20250521T093546.mp4',0,79),(54,11,7,0,92,'대전 출장 계획에 대해 브리핑 드리겠습니다. 성심당 에서 빵을 500만 원 어치 사고 이글스파크에서 고래고래 소리를 지르며 야구를 관람할 계획입니다. 시간이 남으면 국립과학관 에 방문하여 공룡들과 인사하고 유인원 처럼 걷기 등 다양한 체험을 해 볼 예정입니다.',100,'SLOW','QUIET',0,23,'video/video/final_result_20250521T093903.mp4',0,81),(58,12,NULL,NULL,NULL,'대전 출장 계획에 대해 브리핑 드리겠습니다. 성심당 에서 빵을 500만 원 어치 사고 이글스파크에서 고래고래 소리를 지르며 야구를 관람할 계획입니다. 시간이 남으면 국립과학관 에 방문하여 공룡들과 인사하고 유인원 처럼 걷기 등 다양한 체험을 해볼 예정입니다. 테스트 하고 있어요. 컨테이너 햄튼.',NULL,NULL,NULL,NULL,NULL,NULL,NULL,84),(60,13,NULL,NULL,NULL,'대전 출장 계획에 대해 브리핑 드리겠습니다. 성심당 에서 빵을 500만 원 어치 사고 이글스파크에서 고래고래 소리를 지르며 야구를 관람할 계획입니다. 시간이 남으면 국립과학관 을 방문하여 공룡들과 인사하고 유인원 처럼 걷기 등 다양한 체험을 해볼 예정입니다. 여기서 나가라 하겠는데? 약속. 사진 찍은 다음에.',NULL,NULL,NULL,NULL,NULL,NULL,NULL,86),(63,2,9,0,90,'안녕, 안녕하세요. 파이널 발표를 시작하겠습니다. 저희는 발표 연습을 도와주는 ai qing 앱을 개발했습니다. 제가 대군을 작성했는데 그 대본을 지금 찾고 있어서 잠시만 기다려 주시겠어요. 물론 대본을 찾는 와중에도 저는 계속 말을 할 것입니다. 왜냐면 이건 음성인식이 때문에 계속 저해 말을 받았기 때문이죠. 그래서 말을 멈추며 남아 휴식 기간이 있다고 저한테 뭐라고 할 것이에요. 어, 여기 대본을 이제 드디어 찾았어요. 이 앱은 발표가 돌렸거 나 혼자 어, 근데 시간이 끝났네요.',100,'SLOW','QUIET',0,23,'video/video/final_result_20250521T101059.mp4',0,90),(64,14,8,0,68,'대전 출장 계획에 대해 브리핑을 드리겠습니다. 성심당 해서 압박을 500만 원 어치 사고 이글스파크에서 고래고래 소리를 지르며 야구를 관람할 계획입니다. 시간이 남으면 국립과학관 에 방문하여 공룡들과 인사하고 요인 원 처럼 걷기 등 다양한 체험을 해볼 예정입니다. 드라이.',100,'SLOW','QUIET',0,17,'video/video/final_result_20250521T101220.mp4',0,91),(66,3,8,0,87,'발표 연습을 시작하겠습니다. 지금 대본을 찾고 있어서 잠시만 기다려 주시기 바랍니다. 안녕하세요. 저희 팀은 ai 기본 발표 연습을 개발했습니다. 발표가 두렵거나 혼자 연습하기 어려운 사람들을 위해 실시간 피드백과 simulation 기능을 제공합니다. 사용자는 대본을 등록하고 연습하면 어플이 성향, 속도, 발음 등 다양한 항목을 분석해 리포트를 제공합니다. 발표 후에는 ai 가 자동으로 피해를 생성해 줍니다.',100,'SLOW','QUIET',0,22,'video/video/final_result_20250521T103050.mp4',0,99),(68,1,21,0,79,'엄청 비싸게 팔고 안녕하세요. 내 손 안에 ai 팔 표 코치 스피커의 발표를 맡은 김선영 입니다. 오늘 저는 앞으로가 두렵거나 조금 더 잘해보고 싶은 분들을 위한 이야기를 준비했습니다. 내가 처음 하겠습니다. 중요한 발표를 앞두고 말합니다. 대본도 외웠고 녹음하면 톤도 체크했고, 거울 앞에서 수 십 번의 연습 했으니 이번에는 완벽할 거라고 생각했어요. 하지만 발표가 니 목소리는 떨어지더라도 말은 점점 빨라지고. 저는 학부모의 맴돌던 이 질문에 제대로 된 대답을 하지 못했습니다. 네, 맞습니다. 이건 바로 저의 특허 분석 발표 이야기 입니다. 혹시 여러분도 비슷한 경험이 있으신가요? 아마 정원에 이야기는 아닐 것입니다. 이런 현상에는 이름이 있습니다. 바로. 아 아 폭삭 속에서도 보고서 그랬더라 뭐야.',100,'SLOW','QUIET',0,20,'video/video/final_result_20250521T103918.mp4',0,102),(71,2,3,0,83,'아니었는데 대전 출장 계획에 대해 브리핑 드리겠습니다. 청 신당에서 빵을 500만 원 어치 사고 이글스파크에서 고래고래 소리를 지르며 야구를 관람할 계획입니다. 시간이 남으면 국립과학관 에 방문하여 공룡들과 인사하고 요인 원 처럼 걷기 등 다양한 체험을 해 볼 예정입니다. 실패했는데? 내 거야. 몰라, 방금 실패했어요.',100,'SLOW','QUIET',0,21,'video/video/final_result_20250521T105844.mp4',0,105),(73,15,1,0,87,'내가 내꺼가 아니구나 저거는. 대전 출전 계획에 대해 브리핑 드리겠습니다. 성심당 에서 빵을 오백만원 어찌 사고 이글스파크에서 고래고래 소리를 지르며 야구를 관람할 계획입니다. 시간이 남으면 국립과학관 에 방문하여 공룡들과 인사하고 유인원 처럼 걷기 등 다양한 체험을 해볼 예정입니다.',100,'SLOW','QUIET',0,22,'video/video/final_result_20250521T110525.mp4',0,107),(74,16,0,0,93,'대전 출장 계획에 대해 브리핑 드리겠습니다. 성심당의 석방을 500만 원 어치 사고 이글스파크에서 고래고래 소리를 지르며 야구를 관람할 계획입니다. 시간이 남으면 국립과학관 에 방문하여 공룡들과 인사하고 요인 원 처럼 걷기 등 다양한 체험을 해볼 예정입니다.',100,'SLOW','QUIET',0,23,'video/video/final_result_20250521T120559.mp4',0,120),(75,10,13,0,54,'이제 시작하겠습니다. 저희 팀은 ai 기반 발표한 앱을 개발했습니다. 발표가 두렵거나 혼자 연습하기 어려운 사람들을 위해 실시간 피드백과 시뮬레이션 기능을 제공합니다. 사용자는 대본을 등록하고 연습하면 어플이 성향, 속도, 발음 등 다양한 항목을 분석해 리포트를 제공합니다. 발표 후에는 ai 가 자동으로 큐앤에이를 생성하여 답변할 수 있어 실전감각을 키우기 적합합니다. 누구나 발표를 잘할 수 있도록 돕는 도움이 되는 것이 저희의 목표입니다. 전.',100,'SLOW','QUIET',0,14,'video/video/final_result_20250521T120721.mp4',0,121),(76,11,10,0,80,'어 그거 했어 안녕하세요? 저희 팀은 ai 기반 발표 연습을 개발했습니다. 발표가 두렵거나 혼자 연습하기 어려운 사람을 위해 실시간 피드백과 simulation 기능을 제공합니다. 사용자는 대본을 등록하고 연습하면 어플이 성향, 속도, 발음 등 다양한 항목을 분석해 리포트를 제공합니다. 발표 후에는 ai 가 자동으로 유엔의 를 생성하고 답변할 수 있어 실전감각을 키우기 에 적합합니다. 누구나 발표를 잘할 수 있는 도우미가 되는 것이 저희의 목표입니다. 우빈우 파이널 무단.',100,'SLOW','QUIET',0,20,'video/video/final_result_20250521T120913.mp4',0,122),(77,17,1,0,89,'대전 출장 계획에 대해 브리핑 드리겠습니다. 성심당 에서 빵을 500만 원 어치 사고 이글스파크에서 고래고래 소리를 지르며 야구를 관람할 계획입니다. 시간이 남으면 국립과학관 에 방문하여 공룡들과 인사하고 유인원 처럼 걷기 등 다양한 체험을 해 볼 예정입니다. 안 먹어요?',100,'SLOW','QUIET',0,22,'video/video/final_result_20250521T121123.mp4',0,123),(78,12,9,0,88,'안녕하세요. 저희 팀은 ai 기반 발표 앱을 개발했습니다. 발표가 두렵거나 혼자 연습하기 어려운 사람을 위해 실시간 피드백과 시뮬레이션 기능을 제공합니다. 사용자는 대본을 등록하고 연습하면 어플이 성향, 속도, 발음 등 다양한 항목을 분석해 리포트를 제공합니다. 발표 후에는 ai 가 자동으로 유엔이 를 생성하고 답변을 eq n 을 기반으로 답변을 할 수 있습니다. 누구나 발표를 잘 할 수 있는 도우미가 되는 것이 저희의 목표입니다.',100,'SLOW','QUIET',0,22,'video/video/final_result_20250521T121135.mp4',0,124),(79,18,1,0,92,'대전 출장 계획에 대해 브리핑 드리겠습니다. 성심당 에서 빵을 500만 원 어치 사고 이글스파크에서 고래고래 소리를 지르며 야구를 관람할 계획입니다. 성적이 좋은 시간이 남으면 국립과학관 에 방문하여 공룡들과 인사하고 요인 오 처럼 걷기 등 다양한 체험을 해볼 예정입니다. 문의 영상에 진심이 네?',100,'SLOW','QUIET',0,23,'video/video/final_result_20250521T122620.mp4',0,127),(80,19,1,0,83,'대전 출장 계획에 대해 브리핑 드리겠습니다. 성심당 에서 빵을 오백만원 업체 사고 이글스파크에서 고래고래 소리를 지르며 야구를 관람할 계획입니다. 시간이 남으면 국립과학관 에 방문하여 공룡들과 인사하고 유인원 처럼 걷기 등 다양한 체험을 해볼 예정입니다. 청년일보 들어왔어요. 이렇게 이렇게 편집해 가지고.',100,'SLOW','QUIET',0,21,'video/video/final_result_20250521T123332.mp4',0,128),(81,3,9,0,94,'안녕하세요. 저는 오늘 발표 연습에 중요성에 대해 말씀드리겠습니다. 발표는 단순히 내용을 전달하는 것을 넘어서 청중과 소통하고 신뢰를 얻는 과정입니다. 하지만 많은 사람들이 사전 연습 없이 발표에 나서기 때문에 불안감이나 긴장으로 인해 실수를 하곤 하죠. 그렇기 때문에 반복적인 연습과 피드백이 정말 중요합니다. 스피커와 같은 도구를 활용하면 실시간 피드백을 통해 자신의 문제점을 빠르게 파악하고 개선할 수 있습니다.',100,'SLOW','QUIET',0,24,'video/video/final_result_20250521T123504.mp4',0,129),(82,20,1,0,81,'대전 출장 계획에 대해 브리핑 드리겠습니다. 통 신당에서 빵을 500만 원 어치 사고 이글스파크에서 고래고래 소리를 지르며 야구를 관람할 계획입니다. 시간이 남으면 국립과학관 에 방문하여 공룡들과 인사하고 요인 원 처럼 걷기 등 다양한 체험을 해볼 예정입니다. 그럼 그냥 기다려도 되겠는데 기다리는 동안 할 말만 있으면 동안 브레인 동안.',100,'SLOW','QUIET',0,20,'video/video/final_result_20250521T123558.mp4',0,130),(83,4,8,0,93,'안녕하세요. 저는 오늘 발표 연습에 중요성에 대해 말씀드리겠습니다. 발표는 단순히 내용을 전달하는 것을 넘어서 청중과 소통하고 신뢰를 얻는 과정입니다. 하지만 많은 사람들이 사전 연습을 없이 발표에 나서기 때문에 불안감이나 긴장으로 인해 실수를 하곤 하죠. 그렇기 때문에 반복적인 연습과 피드백이 정말 중요합니다. 스피커와 같은 도구를 활용하면 실시간 피드백을 통해 자신의 문제점을 빠르게 파악하고 개선할 수 있습니다.',100,'SLOW','QUIET',0,23,'video/video/final_result_20250521T123724.mp4',0,131),(84,21,2,0,57,'대전 출전 계획에 대해 브리핑 드리겠습니다. 성심당 에서 빵을 500만 원 어치 사고 이글스파크에서 고래고래 소리를 지르며 야구를 관람할 계획입니다. 시간이 남으면 국립과학관 에 방문하여 공룡들과 인사하고 요인은 처럼 걷기 등 다양한 체험을 해볼 예정입니다.  안녕하세요.',100,'SLOW','QUIET',0,14,'video/video/final_result_20250521T124015.mp4',0,132),(85,5,7,0,94,'안녕하세요. 저는 오늘 발표 연습에 중요성에 대해 말씀드리겠습니다. 발표는 단순히 내용을 전달하는 것을 넘어서 청중과 소통하고 신뢰를 얻는 과정입니다. 하지만 많은 사람들이 사전 연습 없이 발표에 나서기 때문에 불안감이나 긴장으로 인해 실수를 하곤 하죠. 그렇기 때문에 반복적인 연습과 피드백이 정말 중요합니다. 스피커와 같은 도구를 활용하면 실시간 피드백을 통해 자신의 문제점을 빠르게 파악하고 개선할 수 있습니다.',100,'SLOW','QUIET',0,24,'video/video/final_result_20250521T124043.mp4',0,133),(86,6,11,0,89,'안녕하세요. 저는 오늘 발표 연습에 중요성에 대해 말씀드리겠습니다. 발표는 단순히 내용을 전달하는 것을 넘어서 청중과 소통하고 신뢰를 얻는 과정입니다. 하지만 많은 사람들이 사전 연습 없이 발표에 나서기 때문에 불안감이나 긴장으로 인해 실수를 하고 나죠. 그렇기 때문에 반복적인 연습과 피드백이 정말 중요합니다. 스피커와 같은 도구를 활용하면 실시간 피드백을 통해 자신의 문제점을 빠르게 파악하고 개선할 수 있습니다. 일단.',100,'SLOW','QUIET',0,22,'video/video/final_result_20250521T124233.mp4',0,134),(87,22,0,0,79,'대전 출전 계획에 대해 브리핑 드리겠습니다. 성심당의 석방을 500만 원 어치 사고 이글스파크에서 고래고래 소리를 지르며 야구를 관람할 계획입니다. 시간이 남으면 국립과학관 에 방문하여 공룡들과 인사하고 유인원 처럼 걷기 등 다양한 체험을 해볼 예정입니다. 그래도 지금 브랜드 어딘데? 지금 브랜드 대만 돼요. 자기가 대변 해서 있어요.',100,'SLOW','QUIET',0,20,'video/video/final_result_20250521T124941.mp4',0,135),(88,7,7,0,94,'안녕하세요. 저는 오늘 발표 연습에 중요성에 대해 말씀드리겠습니다. 발표는 단순히 내용의 전달하는 것을 넘어서 청중과 소통하고 신뢰를 얻는 과정입니다. 하지만 많은 사람들이 사전 연습 없이 발표에 나서기 때문에 불안감이나 긴장으로 인해 실수를 하곤 하죠. 그렇기 때문에 반복적인 연습과 피드백이 정말 중요합니다. 스피커와 같은 도구를 활용하면 실시간 피드백을 통해 자신의 문제점을 빠르게 파악하고 개선할 수 있습니다.',100,'SLOW','QUIET',0,24,'video/video/final_result_20250521T131012.mp4',0,139),(89,23,1,60,75,'대전 출장 계획에 대해 브리핑을 드리겠습니다. 성심당 에서 빵을 500만 원 어치 사고 이글스파크에서 고래고래 소리를 지르며 야구를 관람할 계획입니다. 직원이 남으면 국립과학관 에 방문하여 공룡들과 인사하고 유인원 처럼 걷기 등 다양한 체험을 해볼 예정입니다. 멈춘 것 같아요? Pta 행동하. 30일.',100,'MIDDLE','LOUD',85,80,'video/final_result_20250521T131026.mp4',100,140),(90,8,9,0,86,'내가 보고 싶은 이벤트가 안녕하세요. 저는 오늘 발표 연습에 중요성에 대해 말씀드리겠습니다. 발표는 단순히 내용을 전달하는 것을 넘어서 청중과 소통하고 신뢰를 얻는 과정입니다. 하지만 많은 사람들이 사전 연습 없이 발표에 나서기 때문에 불안감이나 긴장으로 인해 실수를 하곤 하죠. 그렇기 때문에 반복적인 연습과 피드백이 정말 중요합니다. 스피커와 같은 도구를 활용하면 실시간 피드백을 통해 자신의 문제점을 빠르게 파악하고 개선할 수 있습니다. 혹시 잘 되는지가?',100,'SLOW','QUIET',0,22,'video/video/final_result_20250521T133809.mp4',0,142);
/*!40000 ALTER TABLE `final_reports` ENABLE KEYS */;
UNLOCK TABLES;

--
-- Table structure for table `practices`
--

DROP TABLE IF EXISTS `practices`;
/*!40101 SET @saved_cs_client     = @@character_set_client */;
/*!50503 SET character_set_client = utf8mb4 */;
CREATE TABLE `practices` (
  `practice_id` int(11) NOT NULL AUTO_INCREMENT,
  `created_at` datetime(6) NOT NULL,
  `status` enum('COMPLETED','IN_PROGRESS') NOT NULL,
  `type` enum('COACHING','FINAL') NOT NULL,
  `project_id` int(11) NOT NULL,
  PRIMARY KEY (`practice_id`)
) ENGINE=InnoDB AUTO_INCREMENT=145 DEFAULT CHARSET=utf8mb4 COLLATE=utf8mb4_uca1400_ai_ci;
/*!40101 SET character_set_client = @saved_cs_client */;

--
-- Dumping data for table `practices`
--

LOCK TABLES `practices` WRITE;
/*!40000 ALTER TABLE `practices` DISABLE KEYS */;
INSERT INTO `practices` VALUES (3,'2025-05-20 15:23:47.941166','COMPLETED','COACHING',1),(5,'2025-05-20 15:26:44.978579','COMPLETED','FINAL',1),(7,'2025-05-20 15:42:38.575475','IN_PROGRESS','FINAL',3),(8,'2025-05-20 15:44:39.790837','COMPLETED','FINAL',4),(11,'2025-05-20 15:51:53.420400','COMPLETED','FINAL',4),(13,'2025-05-20 15:55:00.371327','COMPLETED','FINAL',3),(14,'2025-05-20 15:57:39.000298','IN_PROGRESS','FINAL',4),(15,'2025-05-20 16:00:54.821420','COMPLETED','FINAL',4),(16,'2025-05-20 16:05:10.341339','COMPLETED','FINAL',3),(19,'2025-05-20 16:05:32.962557','COMPLETED','FINAL',4),(22,'2025-05-20 16:14:12.961701','COMPLETED','FINAL',4),(23,'2025-05-20 16:16:59.667325','COMPLETED','FINAL',6),(25,'2025-05-20 16:22:36.987626','COMPLETED','FINAL',4),(26,'2025-05-20 16:27:14.249943','IN_PROGRESS','FINAL',4),(27,'2025-05-20 16:27:20.994525','COMPLETED','FINAL',4),(28,'2025-05-20 16:40:28.987399','COMPLETED','FINAL',4),(29,'2025-05-20 16:46:15.199479','COMPLETED','FINAL',4),(30,'2025-05-20 16:53:58.692329','COMPLETED','FINAL',4),(31,'2025-05-20 16:56:06.525099','COMPLETED','FINAL',4),(32,'2025-05-20 16:58:55.725655','COMPLETED','FINAL',4),(33,'2025-05-20 17:05:21.995417','COMPLETED','FINAL',4),(36,'2025-05-20 17:12:29.035341','COMPLETED','FINAL',4),(37,'2025-05-20 17:12:42.447666','COMPLETED','COACHING',1),(38,'2025-05-20 17:13:38.227051','IN_PROGRESS','FINAL',3),(44,'2025-05-20 17:22:06.105896','COMPLETED','FINAL',3),(47,'2025-05-20 17:29:20.303114','COMPLETED','FINAL',5),(48,'2025-05-20 17:36:34.328033','COMPLETED','FINAL',5),(49,'2025-05-20 17:40:09.677802','COMPLETED','FINAL',5),(50,'2025-05-20 17:44:59.542784','COMPLETED','FINAL',3),(51,'2025-05-20 17:46:00.638508','IN_PROGRESS','FINAL',5),(52,'2025-05-20 17:47:34.399345','COMPLETED','FINAL',3),(53,'2025-05-20 17:49:11.906566','COMPLETED','FINAL',3),(54,'2025-05-20 18:15:52.804829','COMPLETED','FINAL',4),(55,'2025-05-20 18:17:15.355356','IN_PROGRESS','FINAL',4),(56,'2025-05-20 18:21:42.748670','IN_PROGRESS','FINAL',4),(57,'2025-05-20 18:23:04.328600','COMPLETED','FINAL',4),(58,'2025-05-20 18:29:40.955632','COMPLETED','FINAL',4),(59,'2025-05-20 18:31:44.375872','COMPLETED','FINAL',4),(60,'2025-05-20 18:35:34.968338','COMPLETED','FINAL',4),(61,'2025-05-20 18:40:36.035895','COMPLETED','FINAL',4),(62,'2025-05-20 18:44:03.680438','COMPLETED','FINAL',4),(63,'2025-05-20 18:47:35.943203','COMPLETED','FINAL',3),(64,'2025-05-20 18:47:44.810703','COMPLETED','FINAL',4),(65,'2025-05-20 18:51:37.300538','COMPLETED','FINAL',4),(66,'2025-05-20 18:52:32.141127','COMPLETED','FINAL',3),(67,'2025-05-20 18:54:37.397098','COMPLETED','COACHING',3),(68,'2025-05-20 18:55:41.777633','COMPLETED','FINAL',4),(69,'2025-05-20 18:56:48.549230','COMPLETED','FINAL',5),(70,'2025-05-20 19:00:18.130996','COMPLETED','FINAL',4),(71,'2025-05-20 19:04:26.360354','COMPLETED','FINAL',4),(72,'2025-05-20 19:08:52.138078','COMPLETED','FINAL',4),(73,'2025-05-21 09:18:41.215422','COMPLETED','FINAL',5),(77,'2025-05-21 09:31:09.390005','COMPLETED','FINAL',5),(79,'2025-05-21 09:34:19.865029','COMPLETED','FINAL',5),(80,'2025-05-21 09:36:02.345154','IN_PROGRESS','FINAL',5),(81,'2025-05-21 09:37:23.840706','COMPLETED','FINAL',5),(84,'2025-05-21 09:56:02.414972','COMPLETED','FINAL',5),(86,'2025-05-21 10:01:54.441795','COMPLETED','FINAL',5),(90,'2025-05-21 10:09:52.840069','COMPLETED','FINAL',6),(91,'2025-05-21 10:10:52.830947','COMPLETED','FINAL',5),(93,'2025-05-21 10:11:47.275072','IN_PROGRESS','FINAL',6),(95,'2025-05-21 10:17:30.038760','COMPLETED','COACHING',8),(96,'2025-05-21 10:19:28.451499','IN_PROGRESS','FINAL',6),(97,'2025-05-21 10:24:39.542527','COMPLETED','COACHING',3),(99,'2025-05-21 10:29:56.276657','COMPLETED','FINAL',6),(102,'2025-05-21 10:37:07.705953','COMPLETED','FINAL',8),(105,'2025-05-21 10:57:31.469551','COMPLETED','FINAL',8),(107,'2025-05-21 11:04:11.488563','COMPLETED','FINAL',5),(110,'2025-05-21 11:04:39.867651','IN_PROGRESS','FINAL',6),(119,'2025-05-21 11:55:43.132427','IN_PROGRESS','FINAL',3),(120,'2025-05-21 12:04:45.463530','COMPLETED','FINAL',5),(121,'2025-05-21 12:06:25.576355','COMPLETED','FINAL',3),(122,'2025-05-21 12:07:53.545386','COMPLETED','FINAL',3),(123,'2025-05-21 12:10:13.418762','COMPLETED','FINAL',5),(124,'2025-05-21 12:10:22.648240','COMPLETED','FINAL',3),(125,'2025-05-21 12:22:14.833661','COMPLETED','COACHING',8),(126,'2025-05-21 12:24:19.003577','COMPLETED','COACHING',8),(127,'2025-05-21 12:25:10.894347','COMPLETED','FINAL',5),(128,'2025-05-21 12:32:17.087501','COMPLETED','FINAL',5),(129,'2025-05-21 12:33:50.425400','COMPLETED','FINAL',8),(130,'2025-05-21 12:34:45.467765','COMPLETED','FINAL',5),(131,'2025-05-21 12:36:14.420618','COMPLETED','FINAL',8),(132,'2025-05-21 12:39:01.962662','COMPLETED','FINAL',5),(133,'2025-05-21 12:39:30.111239','COMPLETED','FINAL',8),(134,'2025-05-21 12:41:26.337679','COMPLETED','FINAL',8),(135,'2025-05-21 12:48:32.234677','COMPLETED','FINAL',5),(136,'2025-05-21 13:04:52.393615','IN_PROGRESS','FINAL',5),(138,'2025-05-21 13:06:47.412391','COMPLETED','COACHING',8),(139,'2025-05-21 13:08:50.250473','COMPLETED','FINAL',8),(140,'2025-05-21 13:09:15.466461','COMPLETED','FINAL',5),(141,'2025-05-21 13:35:45.093513','COMPLETED','COACHING',8),(142,'2025-05-21 13:36:50.616602','COMPLETED','FINAL',8),(143,'2025-05-21 13:44:16.318520','COMPLETED','COACHING',5),(144,'2025-05-21 13:47:28.857827','COMPLETED','COACHING',5);
/*!40000 ALTER TABLE `practices` ENABLE KEYS */;
UNLOCK TABLES;

--
-- Table structure for table `projects`
--

DROP TABLE IF EXISTS `projects`;
/*!40101 SET @saved_cs_client     = @@character_set_client */;
/*!50503 SET character_set_client = utf8mb4 */;
CREATE TABLE `projects` (
  `project_id` int(11) NOT NULL AUTO_INCREMENT,
  `created_at` datetime(6) NOT NULL,
  `date` date NOT NULL,
  `last_coaching_cnt` int(11) NOT NULL,
  `last_final_cnt` int(11) NOT NULL,
  `limit_time` int(11) NOT NULL,
  `script` text DEFAULT NULL,
  `title` varchar(20) NOT NULL,
  `user_id` int(11) NOT NULL,
  PRIMARY KEY (`project_id`)
) ENGINE=InnoDB AUTO_INCREMENT=9 DEFAULT CHARSET=utf8mb4 COLLATE=utf8mb4_uca1400_ai_ci;
/*!40101 SET character_set_client = @saved_cs_client */;

--
-- Dumping data for table `projects`
--

LOCK TABLES `projects` WRITE;
/*!40000 ALTER TABLE `projects` DISABLE KEYS */;
INSERT INTO `projects` VALUES (1,'2025-05-20 15:19:36.778805','2025-05-22',2,1,900,'안녕하세요, 오늘 저는 ‘우리 일상 속 인공지능, 어디까지 왔을까?’라는 주제로 발표를 시작하겠습니다.\n\n최근 몇 년 사이, 인공지능은 더 이상 먼 미래의 기술이 아니라, 우리가 매일 마주하는 현실이 되었습니다. 아침에 눈을 뜨자마자 우리는 AI 기반의 날씨 앱으로 하루를 시작합니다. 출근길에는 내비게이션 앱이 실시간 교통 상황을 분석해 최적의 경로를 안내하고, 사무실에 도착해서는 AI 스케줄러가 회의를 정리해줍니다.\n\n특히, 우리가 자주 사용하는 스마트폰과 스피커 속의 AI 비서는 날이 갈수록 더 똑똑해지고 있습니다. “오늘 점심 뭐 먹지?” 같은 질문에도 이제 꽤 그럴듯한 대답을 내놓고, 음악이나 뉴스도 우리 취향에 맞게 자동으로 추천해줍니다.','자율 프로젝트',1),(3,'2025-05-20 15:39:05.227232','2025-05-23',2,12,480,'안녕하세요 발표를 시작하겠습니다.\n\n이제 발표를 끝내겠습니다. 감사합니다.','동아리 프로젝트',3),(4,'2025-05-20 15:44:26.527367','2025-05-22',0,27,60,'zz','dd',2),(5,'2025-05-20 15:49:21.681441','2025-05-23',2,23,60,'대전 출장 계획에 대해 브리핑 드리겠습니다.\n\n성심당에서 빵을 오백만원어치 사고, 이글스파크에서 고래고래 소리를 지르며 야구를 관람할 계획입니다.\n\n시간이 남으면 국립과학관에 방문하여 공룡들과 인사하고, 유인원처럼 걷기 등 다양한 체험을 해볼 예정입니다.','대전 출장 계획',4),(6,'2025-05-20 16:16:47.540227','2025-05-28',0,3,240,'안녕하세요 발표를 시작하겠습니다\n\n요즘 소금빵을 자주 먹고 있는데요. 소금빵은 역시 기본이 제일 맛있습니다.\n\n제가 옛날에 아오이토리에서 월요일마다 사먹었었어요. 바로 파스타 샐러드랑 소금빵이요.\n\n그 소금빵 정말 소금빵의 정석이었어요. 소금빵 유행전부터 먹었거든요. 맛있었는데. 물롬 없어지지 않았어요. 아직도 있는 빵집이에요.\n\n이제 발표를 종료하겠습니다. 감사합니다.','소금빵 프로젝트',3),(8,'2025-05-21 10:13:42.522517','2025-05-22',5,8,420,'안녕하세요.\n내 손 안의 AI 발표 코치, 스피코의 발표를 맡은 김서현입니다.\n오늘 저는,\n발표가 두렵거나, 조금 더 잘해보고 싶은 분들을 위한 이야기를 준비했습니다.\n\n여기 한 사람이 있습니다. 중요한 발표를 앞두고 말합니다.\n“대본도 외웠고,\n녹음하며 톤도 체크했고,\n거울 앞에서 수십 번 연습했어요.\n이번엔 완벽할 거라 생각했죠.”\n하지만 발표 당일,\n목소리는 떨리고, 말은 빨라지고,\n눈은 허공을 맴돌더니,\n질문엔 제대로 된 답변을 하지 못했습니다.\n네, 맞습니다.\n이건 바로 저의 특화 본선 발표 이야기입니다.\n\n혹시 여러분도 비슷한 경험 있으신가요?\n\n이런 현상에는 이름이 있습니다.\n바로 글로소포비아(Glossophobia),\n대중 앞에서 말하는 것에 대한 두려움입니다.\n\n실제로 연구에 따르면,\n성인의 **75%**가 발표 불안을 겪고,\n10명 중 4명은 가장 두려운 일 Top 3에 발표를 꼽습니다.\n그런데 같은 연구에서,\n발표 코칭이 제공될 경우,\n무려 95%의 사람들이\n두려움을 극복할 수 있다고 말했습니다.\n또한,\n가상 환경에서 반복적으로 발표를 연습하면,\n청중의 수와 상관없이\n자신감을 갖게 된다는 결과도 있었습니다.\n\n그래서 저희는 고민했습니다.\n“어떻게 하면 혼자서도 좋은 환경에서 발표할 수 있을까?”\n그 해답으로 탄생한 것이 바로,\nAI 발표 코치 스피코입니다.\n\n스피코가 어떤 서비스인지,\n먼저 짧은 영상으로 함께 보시죠.\n\n스피코에는 총 세 가지 발표 모드가 있습니다.\n\n   •   성량과 속도에 대한 실시간 피드백\n   •   말하고 있는 문장을 대본에서 자동 추적\n→ 특정 구간을 집중적으로 연습할 수 있습니다.\n\n   •   정해진 시간 동안 실전처럼 연습\n   •   발표가 끝나면, Q&A까지 이어지는 시뮬레이션\n→ 실전 감각과 대처 능력을 모두 키울 수 있습니다.\n\n   •   최신 기사 기반의 주제와 AI 질문 제공\n   •   짧은 준비 후 즉흥 발표 진행\n→ 발표 순발력과 사고력 향상에 탁월합니다.\n\n여기까지만 들으면\n“뭐가 강점이라는 거야?”라고 생각하실 수 있습니다.\n하지만 스피코의 진짜 강점은 리포트 시스템입니다.\n   •   발표 모드에 따라 다른 평가 항목을 적용하고\n   •   성량, 속도, 발음, 멈춤 횟수 등 다양한 지표를\n   •   시각적으로 분석해 피드백을 제공합니다.\n단순히 \"잘했다, 못했다\"가 아니라\n어떤 부분에서, 왜 그런 평가를 받았는지\n구체적으로 알려줍니다.\n\n그럼 말로만 하지 않고,\n이제 스피코를 직접 사용하는 모습을 보여드리겠습니다.\n\n재미있게 보셨나요?\n이제 다들 한 번쯤 써보고 싶다는 생각이 드셨을 텐데요.\n이번엔 “이게 어떻게 구현된 건지” 기술적으로 간단히 소개드리겠습니다.\n스피코는 Android와 백엔드 모두 Kotlin 기반으로 개발되었고,\n클린 아키텍처를 적용하여 모듈 간 책임을 분리했습니다.\n\n스피코의 핵심 기술은 음성 인식(STT) 입니다.\n   •   코칭 모드에는 실시간성이 중요한 Google STT\n   •   파이널 모드에는 정확도가 중요한 Azure STT\n   •   랜덤스피치 모드에는 속도가 중요한 Whisper\n\n발음 평가를 위한 WAV 파일 추출/변환 로직을 직접 구현했습니다.\n이는 기존 라이브러리가 종료되었기 때문인데요.\n앞으로 이 기능은 오픈소스로 공개하여\n다른 개발자분들도 활용할 수 있도록 할 예정에 있습니다.\n\n스피코를 통해 누구나, 어디서든\n혼자서도 발표 연습이 가능하고,\n스스로 성장할 수 있습니다.\n   •   발표 실력 향상\n   •   실전 대처 능력 향상\n   •   자신감 및 감각 상승\n\n이 멋진 서비스를 함께 만들어온 팀원들을 소개합니다.\n   •   안드로이드: 강명주, 김서현, 신유영\n   •   백엔드: 김예진, 노영단\n   •   인프라: 이승연\n총 6명의 팀원이 스피코를 개발했습니다.\n\n사실, 저도 이 발표를 준비할 때\n스피코를 이용해 연습하였습니다.\n그리고 그 덕분에 지금\n여러분 앞에 보다 안정적으로 설 수 있게 되었습니다.\n\n이제는 여러분의 발표에도\n스피코가 함께하겠습니다.\n이상으로 발표 마치겠습니다.\n감사합니다.','자율 최종 발표',5);
/*!40000 ALTER TABLE `projects` ENABLE KEYS */;
UNLOCK TABLES;

--
-- Table structure for table `question_answer`
--

DROP TABLE IF EXISTS `question_answer`;
/*!40101 SET @saved_cs_client     = @@character_set_client */;
/*!50503 SET character_set_client = utf8mb4 */;
CREATE TABLE `question_answer` (
  `question_answer_id` int(11) NOT NULL AUTO_INCREMENT,
  `answer` text DEFAULT NULL,
  `question` text DEFAULT NULL,
  `final_report_id` int(11) NOT NULL,
  PRIMARY KEY (`question_answer_id`)
) ENGINE=InnoDB AUTO_INCREMENT=143 DEFAULT CHARSET=utf8mb4 COLLATE=utf8mb4_uca1400_ai_ci;
/*!40101 SET character_set_client = @saved_cs_client */;

--
-- Dumping data for table `question_answer`
--

LOCK TABLES `question_answer` WRITE;
/*!40000 ALTER TABLE `question_answer` DISABLE KEYS */;
INSERT INTO `question_answer` VALUES (3,'','AI 기반의 날씨 앱이나 내비게이션 등의 기술은 어떻게 작동하나요?',2),(4,'개인의 취향이나 선호도는 지금까지 개인으로부터 수집한 선호도를 바탕으로 취향과 선호도를 바탕으로 다른 사용자들의 선호도를 기반으로 하여 추천을 제공합니다.','AI 비서는 개인의 취향이나 선호도를 어떻게 파악하고 이를 바탕으로 추천을 제공하나요?',2),(5,'','한국에서 실제로 어떤 것들이 주어를 싸우는 것인지 예를 들어 설명해 주실 수 있나요?',3),(6,'오늘도 시청해 주셔서 감사합니다.','홈이 어떤 느낌으로 만들어졌는지 구체적으로 설명해 주실 수 있나요?',3),(7,'','우리 계정에 대해 더 자세하게 설명해주실 수 있나요?',4),(8,'그 질문 q&a 스크린으로 넘어가게 되는 건지 내가 해놓긴 했는데 왜 안 되는지 모르겠다','발음 관련된 내용이 무엇인지 더 깊게 이해하고 싶습니다. 추가 정보를 제공하실 수 있나요?',4),(9,NULL,'프로토타입을 만드는데 어떤 툴을 사용하셨나요, 그리고 그 툴이 사용하기 쉬운 이유는 무엇인가요?',5),(10,'','DO를 사용하는 데 있어 어떤 장단점이 있나요?',6),(11,'Essaouira.','Mt 리스트에 어떤 항목들이 포함되어 있나요?',6),(12,'','리포트 생성 과정에서 어떤 어려움을 겪었는지 상세하게 설명해주실 수 있나요?',7),(13,'근데 생성이 안되가지고 지금 이 고생을 하고 있죠 아, CSS를 사용해서 리포트를 생성하는 이유요? 아니, 리포트 생성하려면 CSS 알려야 되니까 그렇지 왜 나한테 이런 걸 묻는 거야 개웃기네','CSS를 사용하여 리포트를 생성하는 이유는 무엇인가요?',7),(14,'','Can you elaborate more on the context of \'원래\'?',8),(15,'폼으로 하면 안되지? 언니 여기, 여기','How is \'원래\' used in a sentence?',8),(16,'','인생 가벼운 좋은 팔이 어떻게 보수에 도움이 되는지 설명해주실 수 있나요?',9),(17,'','볼트 실행에 대한 자세한 정보를 어떻게 파악하나요?',9),(18,'시간 분배가 가장 어려웠어요. 기획, 디자인, 개발을 병행해야 했는데 각 단계별로 어느 정도의 시간이 필요한지 예측하기 힘들어서 중간에 일정이 밀리기도 했습니다. 발표 연습하면서 이런 경험을 어떻게 극복했는지 정리해보는 계기가 되었어요.','발표 프로젝트를 준비하면서 가장 어려웠던 점은 무엇이었나요?',10),(19,'발표 연습이라는 행위 자체가 어렵고 지속하기 힘든데, 저희 앱은 실시간 피드백과 시뮬레이션 기능을 통해 사용자에게 반복적인 연습 동기를 제공해요. 특히 AI Q&A는 면접이나 투자 발표처럼 실제 상황과 유사한 경험을 할 수 있어 실전 감각을 높이는 데 도움이 된다고 생각합니다.','이 프로젝트가 사용자에게 어떤 가치를 줄 수 있다고 생각하나요?',10),(20,NULL,'통증 메뉴에 원래 시나리오가 있었다는 것을 구체적으로 어떻게 설명하실 수 있나요?',11),(21,NULL,'당신이 안 썼다는 것은 어떤 부분을 말하는 건가요?',11),(22,NULL,'Can you explain what circumstances or situations you\'re referring to when you ask why a certain action is not considered a crime?',12),(23,NULL,'Are you discussing legal or moral aspects when you ask \'언니 왜 범죄 안 되는 거야? 이거?\'',12),(24,'시청해 주셔서 감사합니다.','데스크탑 멀티로 플랫폼과 크로스 플랫폼 사이의 차이점은 무엇인가요?',13),(25,'','데스크탑 멀티로 플랫폼에 크로스 플랫폼으로의 전환은 어떻게 이루어지나요?',13),(26,NULL,'먹을 수가 없다는 것은 어떤 의미인가요?',14),(27,NULL,'원래 메이커에 대해 좀 더 설명해 주실 수 있나요?',14),(28,NULL,'파견에 대해 어떤 호기심을 말씀하신 건가요?',15),(29,NULL,'영상이 왜 갔다는 것을 구체적으로 설명해주실 수 있나요?',15),(30,'','분열에 대한 세부 과정을 좀 더 자세히 설명해 주실 수 있나요?',16),(31,'비하인드가 안들어간다고 하더라고요 비하인드가 안들어간다고 하더라고요 비하인드가 안들어간다고 하더라고요','언니가 어떤 상황에서 분열하는지 예를 들어 설명해 주실 수 있나요?',16),(32,NULL,'What does \'멤버들이 모여. 나는요.\' mean in your presentation?',17),(33,NULL,'Can you explain why you mentioned \'약간 무서워요\' in your presentation?',17),(34,'','제작 과정에서 어떤 부분을 하나로 만들어 사용하는 것이 좋다고 생각하나요?',18),(35,'오늘 영상은 여기까지! 다음 영상에서 만나요!','왜 길어지면 안 되는 것인지 구체적으로 설명해주실 수 있나요?',18),(36,'','당신이 언급한 기술에 대해 더 자세히 설명해 주실 수 있나요?',19),(37,'시청해주셔서 감사합니다.','내일 무슨 특별한 일이 있나요?',19),(38,'','이 호텔의 9승 삼 사에 대해 좀 더 자세히 설명해주실 수 있나요?',20),(39,'지금까지 통합뉴스룸에서 전해드렸습니다.','사이트에 무엇을 올리셨는지 구체적으로 알려주실 수 있나요?',20),(42,'','성심당의 석방을 500만 원 어치 구매하는 이유는 무엇인가요?',22),(43,'국립과학관에서는 공룡들과 각종 동물들을 구경하고 우주 행성을 보고 유인원처럼 걷고 그럴 예정입니다','국립과학관에서 어떤 체험들을 할 예정인가요?',22),(44,'','성심당의 석방을 500만 원 어치 구매하는 이유가 무엇인가요?',23),(45,'국립과학관에서는 우주를 구경하고 유인원들을 구경할 예정입니다.','국립과학관에서 어떤 체험들을 할 계획인가요?',23),(46,'','성심당에서 왜 빵을 500만 원 어치나 사려고 하는지 설명해주실 수 있나요?',24),(47,'그 이유는 성심당 빵이 매우 맛있기 때문입니다 500만원어치의 빵을 살 만한 가치가 있다고 생각해서 구매할 예정입니다','이글스파크에서 야구 관람 후에 국립과학관으로 이동하는 시간이 충분한지 궁금합니다.',24),(48,'','이 앱의 AI 기술은 어떤 알고리즘을 기반으로 개발되었나요?',25),(49,'오늘도 시청해 주셔서 감사합니다.','사용자의 발표 성향이나 속도를 분석하는 정확도는 어느 정도인가요?',25),(50,NULL,'성심당에서 왜 빵을 500만 원 어치나 사는 건가요?',26),(51,NULL,'국립과학관에서는 어떤 체험들을 할 수 있나요?',26),(52,'','어떤 기준으로 사용자의 발표 성향을 분석하나요?',27),(53,'시청해 주셔서 감사합니다.','AI가 UNA를 생성한다는 것이 구체적으로 어떤 것을 의미하나요?',27),(54,'','어플리케이션에서 실시간 피드백이 어떤 형태로 제공되나요?',28),(55,'... ... ... ...','AI가 생성하는 질문은 어떤 기준으로 만들어지나요?',28),(56,NULL,'백영자 에 대해서 조금 더 자세히 설명해주실 수 있나요?',29),(57,NULL,'배경이 안정적이라는 것이 어떤 의미인지 설명해주실 수 있나요?',29),(58,'','왜 뭔가를 잡으라고 말씀하셨나요?',30),(59,'이 영상은 유료광고를 포함하고 있습니다.','먹는 것에 대한 언급이 어떤 맥락에서 이루어진 것인가요?',30),(60,NULL,'당신이 말한 \'ai 발표 메이트\'는 어떤 기능을 하나요?',31),(61,NULL,'발표 코치로 바꾸려는 이유가 무엇인가요?',31),(62,'','NCT 사용에 대한 실패 원인은 무엇인가요?',32),(63,'나 기대효과를 못쓰겠는데 도와줄까?','랜덤 제품이 없는 이유와 랜덤 수표가 갑자기 꺼지는 문제에 대해 좀 더 자세히 설명해주실 수 있나요?',32),(64,NULL,'What is the expected effect of using GPT and when is the ideal time to use it?',33),(65,NULL,'Why did you mention \'Closer\' and \'cloud dad\', and how are they related to your presentation?',33),(66,'','What was the original line before it was changed?',34),(67,'어때 언니? 오 좋은데? 내 손안에 AI 발표지? 아니 부분되는 느낌이 나지 않아? 이게 영어가 들어가요 중간에? 그치? 아 진짜 뭐야? 죽을래? AI가 맞나? 프로틱스에서 봐야될거야 아 근데 여기도 있을텐데? 그치?','Why did you decide to change our catchphrase?',34),(68,'스피커는 어떤 기술을 사용하여 사용자의 발표 스크립트를 분석하고 피드백을 제공하나요?','성심당에서 어떤 종류의 빵을 주로 구매할 예정인가요?',36),(69,'스피커는 어떤 기술을 사용하여 사용자의 발표 스크립트를 분석하고 피드백을 제공하나요?','국립과학관에서는 어떤 체험을 주로 할 계획인가요?',36),(70,'','당신이 제시한 대본에 대해서 더 구체적으로 설명해주실 수 있나요?',37),(71,'아 이것도 그냥 바꾸자 너무 정신 없을라나? 화면이 너무 많아서? 어떻게 해야 되지? 나 이거 어떻게 설명해야 될지 모르겠어 다르게 해봐야 되는 거 아니야? 계속 100점 나온다면? 어? 근데 이거 스피치 콘텐츠는 늘 고정 아니야? 왜냐면 내가 방금 말한 거잖아 이거는 아 맞아맞아맞아맞아 그리고 그 DB에는 저장이 돼 있을 거야 그 DB에는 그 프로젝트 가면은 소프팅 어 이게 있어 이게','질문에 대답하는 것이 왜 중요하다고 생각하시나요?',37),(72,'','스피커 앱을 사용하는 데 있어서 어떤 도움을 받을 수 있나요?',38),(73,'아 그래? 그럼 함수를 바꿔야 되는 건가? 여기 여기를 지금 파이널 리포트에 스픽트, 스크립트 아무래도 AI 기반 STT 프로젝트이다 보니 STT 관련 연결하는 과정이 어려웠습니다 그리고 안드로이드 개발이 처음이다 보니 안드로이드 포터링 공부를 하면서 같이 개발을 하려니까 시간이 조금 버거운 문제도 있었습니다','Ai 기반의 스피커 개발 과정에서 어떤 어려움을 겪었나요?',38),(74,'','디비에 어떤 데이터가 저장되어 있나요?',39),(75,'아 그래? 그럼 함수를 바꿔야 되는 건가? 여기 여기를 지금 파이널 리포트에 아 그러네 스피치 스크립트 프레티스로 가야될 것 같은데 아니 프로젝트로 가야될 것 같은데 프로젝트 엔티티로 가야될 것 같은데? 그치? 어 근데 아 진짜 머리 터질 것 같아 프로젝트 어딨어? 프로젝트 레포지토리를 일단 갖고 와있는 상태야 여기 있다 야 아 오 좋다 좋다 아 그래? 그럼 거기다가 뽑아오면 되겠네','피트 콘텐츠에 대해 좀 더 자세히 설명해주실 수 있나요?',39),(76,'','서비스 위치 서비스에 대해 좀 더 자세히 설명해주실 수 있나요?',40),(77,'귀요미 두리안의 집중력 진리 진리 진리 진리 진리 진리 진리 진리 진리 진리 진리 진리','소요 프로젝트 종료에 대한 체크는 어떤 방식으로 이루어지나요?',40),(78,'','어플을 사용하는데 필요한 기술적인 요구사항이나 제한사항이 있나요?',41),(79,'하하 무슨 연가냐고 일단 해보고, 그래도 안되면 그냥 참깨지 이제? 참깨도 맛있었어? 참깨랑 비슷한 맛이긴 해? AI가 생성하는 Q&A의 예시는 AI가 생성하는 Q&A의 예시가 뭐냐고 물어볼 수 있습니다.','AI가 생성하는 큐앤에이 예시를 들어줄 수 있나요?',41),(80,'','STT 결과와 2번째 질문을 로그에 기록하는 과정에서 어떤 문제가 발생하나요?',42),(81,'방금 컨트롤 브이로그 한 거 다 있었어 아 진짜요? 에어컨 안 넣었는데 18인 줄 알았어요 보이시나? 아니 하트 있었다고 18인 줄 보였어 나 이번만 작업하고 가볼게요 이번에 69번 진짜 개웃기다 질문 진짜 킹받지 않아? 연습생 때 아 질문 재밌나 했어? 어 잠깐만 근데 연습을 시작 안 했어','로그인과 답변이 로그에 찍히지 않는 원인은 무엇인가요?',42),(82,'스피커는 어떤 기술을 사용하여 사용자의 발표 스크립트를 분석하고 피드백을 제공하나요?','성심당에서 어떤 빵을 구매할 계획인가요?',43),(83,'스피커는 어떤 기술을 사용하여 사용자의 발표 스크립트를 분석하고 피드백을 제공하나요?','국립과학관에서 어떤 체험들을 해볼 예정인가요?',43),(84,'','기아와 부산 사이의 관계에 대해 더 설명해 주실 수 있나요?',44),(85,'질문이 좀 이상한데요? 왜 자꾸 부산이라고 알아드는 건지 의문 그렇더라잉 개웃기네 왜 얘만 인식 못해? 그렇더라 언니가 음악 찾아달라고 했지? 이거랑 어울리는 뭐랑? 이거랑 어울리는','김경일에 대해 어떤 점이 좋았는지 구체적으로 말씀해주실 수 있나요?',44),(86,'','당신이 돈을 많이 벌기 위해 어떤 사업을 생각하고 있나요?',45),(87,'이기운誤의 순간 맛있어요 상극 그래도 오늘은 안좋아하네 고맙다 쫌 이럴때 조금 봐줘라 사피아 디버그는 내 눈으로 디버그 디버그는 하여튼 일단 런앤오프와 에러스포츠 같이 싸우고','열심히 일하는 것 외에 돈을 많이 벌기 위해 어떤 방법을 추천하시나요?',45),(88,'','What strategies or methods would you suggest for improving time management?',46),(89,'','성심당에서 어떤 종류의 빵을 주로 구매할 계획인가요?',47),(90,'','국립과학관에서 체험할 수 있는 다른 활동들에는 어떤 것들이 있나요?',47),(97,'','성심당에서 빵을 사는 이유는 무엇인가요?',51),(98,'성심당에서 빵을 사는 이유는 성심당 빵이 맛있기 때문입니다.','이글스파크에서 야구를 관람하는 것은 회사 행사의 일부인가요?',51),(101,'','성심당에서 어떤 빵을 구매할 계획인가요?',53),(102,'성심당에서는 튀김소보로와 작은 메아리와 명란바게트를 구매할 계획입니다.','국립과학관에서 어떤 체험을 할 예정인가요?',53),(103,'','성심당에서 어떤 빵을 구입할 계획인가요?',54),(104,'성심당에서는 튀김소보로와 작은 메아리, 명란바게트를 구매할 계획입니다.','국립과학관에서는 어떤 체험을 할 예정인가요?',54),(107,NULL,'성심당에서 어떤 종류의 빵을 구입할 계획인가요?',58),(108,NULL,'국립과학관에서는 어떤 체험을 해 볼 계획인가요?',58),(110,NULL,'성심당에서 어떤 종류의 빵을 구매할 계획인가요?',60),(111,NULL,'국립과학관에서 진행되는 다른 체험 프로그램에도 참여할 계획이 있나요?',60),(114,'','What features does the AI Qing app have that can help with presentation practice?',63),(115,'','Could you explain the voice recognition feature you mentioned in your presentation?',63),(116,'귀가 안 좋으신 것 같은데 압박이 아니라 빵이고요 500만 어치를 사는 건 맛있어서 입니다','성심당에서 왜 500만 원 어치 압박을 사는 이유가 무엇인가요?',64),(117,'국립과학관에서는 다양한 동물들과 유인원들을 구경하고 싶습니다.','국립과학관에서 어떤 체험을 기대하고 있는지 알 수 있을까요?',64),(120,'저는 발표 준비 과정에서 가장 어려웠던 점이 예상 질문이 없어서 예상 질문이 아니라 돌발 질문이 많았기 때문에','발표 준비 과정에서 가장 어려웠던 부분은 무엇이었나요?',68),(121,'','특허 분석에서 가장 중요하게 생각하는 요소는 무엇인가요?',68),(124,'','Why are you planning to buy 5 million won worth of bread at Cheong Shin Dang?',71),(126,'','성심당에서 빵을 어떤 종류를 사려고 계획하고 계신가요?',73),(127,'그 이유는 성심당의 빵이 아주 맛있기 때문입니다 성심당 진짜 맛있다','성심당의 석방을 사는 것에 500만 원을 쓰는 이유는 무엇인가요?',74),(128,'','어플리케이션을 사용하면서 데이터 보안은 어떻게 보장되나요?',76),(129,'성심당에서 망고시루를 구매할 계획입니다.','성심당에서 어떤 빵을 구입할 계획인가요?',77),(130,'','이 앱은 어떤 언어를 지원하나요?',78),(131,'성심당 빵이 맛있기 때문입니다.','성심당에서 빵을 500만 원 어치 사는 이유는 무엇인가요?',79),(132,'정신당에서는 튀김소보로를 살 예정입니다','성심당에서 어떤 종류의 빵을 사려고 계획하신 건가요?',80),(133,'스피커 같은 도구를 사용하는 것이 실제 발표 상황에서 도움이 됩니다','스피커와 같은 도구를 사용하는 것이 실제 발표 상황에서도 도움이 될 수 있나요?',81),(134,'성심당 빵이 맛있기 때문입니다.','통 신당에서 왜 빵을 500만 원 어치나 사려고 하는지 설명해주실 수 있나요?',82),(135,'코코와 같은 도구를 활용해 실시간 피드백을 할 수 있습니다','스피커와 같은 도구를 활용한 실시간 피드백의 예를 좀 더 구체적으로 설명해주실 수 있나요?',83),(136,'성심당에서는 튀김소보로를 구매할 예정입니다.','성심당에서 어떤 종류의 빵을 사려고 계획하신 건가요?',84),(137,'스피커 말고는 발표 연습을 효과적으로 할 수 있는 다른 도구는 없습니다','스피커 외에도 발표 연습을 효과적으로 할 수 있는 다른 도구나 방법은 무엇이 있나요?',85),(138,'실시간으로 피드백을 아주 잘 받을 수 있습니다.','스피커와 같은 도구를 사용하면 어떤 식으로 실시간 피드백을 받을 수 있나요?',86),(139,'성심당에서는 망고 시루를 구매할 계획입니다.','성심당에서 어떤 종류의 석방을 구매할 계획인가요?',87),(140,'그래서 스피커와 같은 도구를 사용해서 실시간 피드백을 받으면 발표 능력을 향상시킬 수 있습니다.','스피커와 같은 도구를 사용하여 어떻게 실시간 피드백을 받고 문제점을 파악하고 개선할 수 있는지 구체적인 예를 들어주실 수 있나요?',88),(141,'그것은 대전이 성심당으로 매우 유명하기 때문입니다.','왜 성심당에서 빵을 500만 원 어치 구매하는 것이 대전 출장 계획에 포함되어 있나요?',89),(142,'스피커와 같은 도구를 사용하면 실시간으로 피드백을 받을 수 있습니다. 네 이렇게 간단히','스피커 같은 도구를 사용하면 어떤 방식으로 실시간 피드백을 받을 수 있나요?',90);
/*!40000 ALTER TABLE `question_answer` ENABLE KEYS */;
UNLOCK TABLES;

--
-- Table structure for table `random_speeches`
--

DROP TABLE IF EXISTS `random_speeches`;
/*!40101 SET @saved_cs_client     = @@character_set_client */;
/*!50503 SET character_set_client = utf8mb4 */;
CREATE TABLE `random_speeches` (
  `random_speech_id` int(11) NOT NULL AUTO_INCREMENT,
  `ai_feedback` text DEFAULT NULL,
  `ai_title` varchar(255) DEFAULT NULL,
  `created_at` datetime(6) NOT NULL,
  `news_summary` text DEFAULT NULL,
  `news_title` text DEFAULT NULL,
  `news_url` text DEFAULT NULL,
  `preparation_time` int(11) NOT NULL,
  `question` varchar(255) DEFAULT NULL,
  `script` text DEFAULT NULL,
  `speech_time` int(11) NOT NULL,
  `topic` enum('BUSINESS','ENTERTAINMENT','ENVIRONMENT','POLITICS','SCIENCE','SPORTS','TECHNOLOGY','WORLD') NOT NULL,
  `user_id` int(11) NOT NULL,
  PRIMARY KEY (`random_speech_id`)
) ENGINE=InnoDB AUTO_INCREMENT=107 DEFAULT CHARSET=utf8mb4 COLLATE=utf8mb4_uca1400_ai_ci;
/*!40101 SET character_set_client = @saved_cs_client */;

--
-- Dumping data for table `random_speeches`
--

LOCK TABLES `random_speeches` WRITE;
/*!40000 ALTER TABLE `random_speeches` DISABLE KEYS */;
INSERT INTO `random_speeches` VALUES (2,'우선, 주제에 맞는 내용을 적절하게 정리해 발표한 점이 인상적입니다. 특히 기술 발전이 노동시장에 미치는 영향에 대한 깊이 있는 이해를 바탕으로 분석하였으며, 이를 통해 발생하는 문제점과 해결책을 제시한 점은 매우 긍정적입니다. 다만, 발표의 흐름을 좀 더 자연스럽게 만들어주는 연결어나 과도를 사용하면, 듣는 이로 하여금 더 이해하기 쉬운 발표가 될 것입니다. 또한, 각 주장이나 의견에 대해 구체적인 예시나 자료를 인용하면 훨씬 설득력 있는 스피치가 될 것입니다.','기업 자산 증가와 고용 정체 현상에 대한 분석 및 해결 방안 제시','2025-05-20 18:10:09.917218','[서울=뉴시스]이현주 기자 = 윤석열 정부 3년간 4대 그룹(삼성·SK·현대차·LG)의 자산총액이 15% 증가하며 역대 최고치를 기록했다. 당기순이익도 30.8% 급증한 것으로 나타났다. 하지만 직원수는 정체되면서 수익 확대와 고용 사이 괴리가 두드러졌다는 지적이다. 20일 리더스인덱스에 따르면 자산 기준 상위 30대 그룹과 4대 그룹의 자산총액·매출액·당기순이익 3년 추이를 비교 분석한 결과, 4대 그룹의 자산총액은 2022년 1255조7050억원에서 2024년 1444조7580억원으로 2년새 15% 증가했다. 2019년 1000조원을 처음 돌파한 이후 꾸준한 증가세를 이어가며 지난해 사상 최대치를 경신한 것이다. 30대 그룹 전체 자산총액도 2373조7230억원에서 2721조9540억원으로 14.7% 증가했지만, 2023년(3074조3200억원)과 비교하면 11.5% 감소했다. 지난해 30대 그룹 내 4대 그룹의 자산 비중은 52.9%에서 53.1%로 소폭 상승했다. 수익성 면에서도 4대 그룹 중심의 성장세가 뚜렷했다. 4대 그룹 당기순이익은 2년간 30.8% 급증(63조4350억→82조9500억원)했다. 같은 기간 30대 그룹 전체 당기순이익이 불과 0.8%(104조9890억→105조8270억원) 늘어난 것과 비교하면 4대 그룹의 수익성 확대가 돋보인다.그러나 이같은 수익 증가가 고용 확대로 이어지지는 않았다. 4대 그룹 직원수는 74만5691명에서 74만6486명으로 2년 동안 거의 변동이 없었다. 30대 그룹 전체 직원수가 140만724명에서 152만4662명으로 8.8% 증가한 것과는 크게 차이가 나는 대목이다. 30대 그룹 중 자산 증가율이 가장 높은 곳은 한진이었다. 대한항공의 아시아나항공 인수로 자산과 매출이 각각 53.8%, 73.8% 증가했다. 다만 당기순이익은 오히려 46.2% 줄며 수익성은 악화됐다. 한화그룹도 대우조선해양 인수 영향으로 자산이 51.4% 증가하고 매출도 12.3% 늘었으나, 당기순이익은 7.0% 감소했다. GS와 CJ는 자산과 수익이 모두 감소했다. GS는 자산이 3.1%, 매출 13.0%, 당기순이익이 59.8% 줄었고, CJ는 자산이 3.3% 감소한 가운데 매출은 소폭 늘었지만 당기순이익이 적자 전환되며 감소율이 157.4%에 달했다. 한편 자산총액 1위는 여전히 삼성이었다. 삼성은 자산이 21.1% 늘고 당기순이익도 11.5% 증가하며 전체 그룹 내 당기순이익 비중을 35.5%에서 39.3%로 높인 것으로 나타났다.◎공감언론 뉴시스 lovelypsyche@newsis.com','尹정부 3년...4대그룹, 이익 31% 커졌지만 고용 \'제자리\'','https://www.newsis.com/view/NISX20250519_0003181664',60,'기업의 자산 총액이 늘어나는 반면, 고용은 제자리에 머무는 현상에 대해 어떻게 해석하시나요? 이는 기술의 발전이 노동시장에 미치는 영향과 관련이 있을까요?','최근 기업의 자산 총액은 꾸준히 증가하고 있지만 고용은 정체된 모습을 보이고 있습니다. 이는 자동화와 인공지능 같은 기술 발전으로 인해 노동의 수요구조 자체가 변화하고 있기 때문입니다. 반복적이고 정형화된 업무는 점점 기계가 대체하게 되고 고숙련 인력에 대한 수요만 늘어가고 있습니다. 결국 기술은 효율을 높이지만 노동시장의 양극화와 일자리 재편을 가져오기 때문에 이에 맞춘 직무 재교육과 사회 안정망 마련이 시급하다고 생각합니다. 지금까지 뉴스 스토리였습니다.',120,'TECHNOLOGY',3),(3,'국제 시장에 대한 이해와 그 중요성을 잘 포착하셨습니다. 특히 중국 시장의 잠재력과 그에 따른 문화적 이해의 필요성을 언급하신 점은 매우 중요한 관점을 제시한 것으로 보입니다. 하지만 좀 더 구체적인 전략이나 기술 트렌드에 대한 예를 드는 것이 듣는 이에게 더 명확한 인사이트를 제공할 수 있을 것입니다. 또한, 한국 기업들이 중국 시장에 진출하기 위해 고려해야 할 법률적, 정치적 요소 등에 대해서도 언급해보시면 좋을 것 같습니다. 한편으로는 기업들이 중국 시장에서 성공하기 위해 어떤 기술적 접근 방식을 취해야 하는지에 대한 당신의 생각을 좀 더 풍부하게 표현해보시면 좋을 것 같습니다.','중국 시장 진출 전략과 기술 트렌드 접근방식에 대한 고찰','2025-05-20 18:56:14.660845','[서울=뉴시스]이창훈 기자 = 대한무역투자진흥공사(코트라)가 산업통상자원부와 17~21일 중국 하얼빈에서 열리는 하얼빈 국제경제무역박람회에 참가해 한국관을 운영한다고 밝혔다. 올해 34회째인 이번 박람회에는 국내 기업 93개사가 참가했다. 이는 역대 최대 규모다. 우리 기업이 여전히 중국을 주요 시장으로 인식하고 있다는 진단이다. 코트라는 최근 통상 환경 변화에 대한 수출 중소기업의 우려가 크다는 점을 감안해 이번 행사에서 제품 홍보, 현장 체험·판매 등을 지원한다. 또한 초청 바이어와의 B2B(기업 간 거래) 상담도 진행한다. 코트라는 박람회 현장에 오지 못한 기업 간 상담은 이달 말까지 온라인으로 진행할 계획이다. 최강록 코트라 하얼빈무역관장은 \"지자체, 중국 유관기관과 협력해 우리 상품을 하나라도 더 수출할 수 있도록 지원하겠다\"고 말했다.◎공감언론 뉴시스 hun88@newsis.com','코트라, 하얼빈서 한국상품 알린다...중소기업 수출 지원','https://www.newsis.com/view/NISX20250519_0003181539',60,'현재의 글로벌 경제 상황에서 중국 시장의 중요성이 점차 증가하고 있는데, 이에 따라 한국 기업들이 중국 시장 진출을 위해 어떤 전략을 세워야 하며, 특히 기술과 관련된 분야에서는 어떤 접근방식을 취해야 한다고 생각하시나요?','중국 시장은 한국 시장보다 커서 많은 잠재력을 가지고 있습니다. 하지만 중국 시장에 진출하기 위해서는 한국 시장에서 넘어갈 산들이 있는데요. 아무래도 문화적 차이가 있으므로 중국 시장에 진출하려면 한국인 입장에 저희는 중국 문화를 잘 모르니 중국 문화에 대해서 공부를 많이 해야 되지 않을까 생각합니다. 그리고 기술과 관련된 것도 중국에서 유행하는 트렌드 기술을 연구해서 중국 현지에 맞는 기술 업무를 해야 되지 않을까 생각합니다.',120,'TECHNOLOGY',3),(4,'우선 당신의 발표는 주제에 대해 잘 이해하고 계시다는 점을 잘 보여줍니다. 게임 산업의 성장과 그로인한 사회 경제적 영향을 잘 설명하였고, 다양한 관점에서 이를 분석하였습니다. 특히 게임 기술이 다양한 분야로 확장되고 있음을 지적하는 것은 아주 통찰력 있었습니다. 그러나 개선되어야 할 부분이 있다면, 중독 문제나 사행성 비즈니스 모델 등의 문제점에 대한 구체적인 해결책을 제시하였다면 더 좋았을 것입니다. 또한, 발표의 흐름을 좀 더 자연스럽게 만들기 위해, 각 주제 사이의 연결을 좀 더 명확하게 하면 좋을 것 같습니다.','게임 산업의 성장과 기술혁신이 사회와 경제에 끼치는 영향에 대한 시각','2025-05-20 19:10:43.525835','국내 게임사는 지난 1분기 실적이 전반적으로 개선되는 모습을 보였다. 신작과 기존작이 고르게 성장한 덕에 실적이 개선된 곳은 압도적 성적을 자랑했고, 허리띠를 졸라매고 선택과 집중에 나서며 기지개를 켜는 곳도 많았다. 비즈워치가 18개 주요 게임사(넥슨·크래프톤·넷마블·NHN·엔씨소프트·컴투스·더블유게임즈·위메이드·그라비티·카카오게임즈·데브시스터즈·네오위즈·펄어비스·시프트업·웹젠·조이시티·위메이드플레이·컴투스홀딩스)의 1분기 실적을 집계한 결과 8곳(넥슨·크래프톤·넷마블·컴투스·더블유게임즈·그라비티·데브시스터즈·시프트업·위메이드플레이)은 매출이 전년동기대비 성장했다. 영업이익이 전년대비 증가한 곳도 8곳(넥슨·크래프톤·넷마블·NHN·컴투스·데브시스터즈·시프트업·위메이드플레이)으로 나타났다. 매출 5000억 이상 \'빅4\'...\"신구조화 이뤄 레벨업\" 업계 1위는','\'먹구름 걷히나\'...기지개 켜는 게임사들','http://news.bizwatch.co.kr/article/mobile/2025/05/16/0031/',120,'게임 산업의 성장 추세를 보면서, 이러한 분야에서의 기술혁신이 사회나 경제에 미치는 영향에 대해 어떻게 생각하시나요?','안녕하세요. 게임 산업의 성장과 기술 혁신이 사회와 경제에 미치는 영향에 대해 말씀드리겠습니다. 게임은 이제 단순한 오락이 아니라 하나의 거대한 산업이 되었습니다. 수많은 일자리를 창출하고 수출 경쟁력도 갖추고 있죠. 특히 게임 기술은 AI, 그래픽, 시뮬레이션 등 다양한 분야에 활용되며 교육, 의료, 메타버스 등으로 확장되고 있습니다. 또한 게임은 전세계 유저들을 연결하며 문화와 소통의 플랫폼 역할도 하고 있습니다. 하지만 중독 문제나 사행성 비즈니스 모델 등은 여전히 해결해야 할 과제입니다. 결국 게임 산업은 사회와 경제에 큰 영향을 미치는 만큼 기술 발전과 함께 책임 있는 방향으로 나아가야 합니다. 감사합니다.',120,'TECHNOLOGY',1),(5,'먼저, 안전 문제에 대한 주의 깊은 이해와 미리 대비하는 태도를 보여주셔서 좋았습니다. 실제로 이러한 사고를 예방하고 대처하는 것은 모든 기관과 개인에게 중요한 과제이기 때문에 이에 대한 관심을 가지고 있는 것이 중요합니다. 본인의 견해를 분명하게 전달하려고 노력하신 점도 칭찬드립니다. 그러나, 어떤 구체적인 대책이나 예방책을 제안하는 방향으로 발표를 개선해보시는 것이 좋을 것 같습니다. 예를 들어, 학생들에게 안전 교육을 실시해야 한다는 의견을 조금 더 구체적으로 이야기해보시는 것이 어떨까요? 또한, 기업들이 어떤 방식으로 참여하고 대비해야 하는지에 대해 좀 더 구체적인 아이디어를 제시하면 청중이 더 잘 이해할 수 있을 것입니다.','학생의 안전 문제와 대학 및 기업의 역할에 대한 견해','2025-05-21 09:30:12.565448','[세종=뉴시스]임소현 기자 = 돼지 농가로 실습을 나간 대학생이 숨지는 사고가 발생한 것과 관련해 한국농수산대학교(한농대)가 사고수습대책반을 즉시 구성하고 안전관리 개선을 추진하기로 했다.한농대는 20일 \"2학년 학생이 장기현장실습 교육 중에 사망한 사고에 대해 고인의 명복을 빌며 유가족에게 깊은 위로의 말씀을 드린다\"며 이같이 밝혔다.한농대는 앞서 19일 사고 발생 즉시 총장을 반장으로 사고수습대책반을 구성하고 사고 수습 및 유가족 등 지원에 총력을 다하고 있다는 설명이다.한농대 관계자는 \"사망 학생 유가족에 대해서는 장례 등 사고 처리절차를 지원하고 함께 실습하고 있던 동료 실습생에 대한 치료 등 지원도 추진하겠다\"며 \"또한 대학 주관으로 23일까지 전국의 실습장을 대상으로 긴급 안전점검 및 실습 학생 면담을 실시하고 안전관리 전문업체를 통해 정밀 안전진단을 1개월 이내에 실시할 계획\"이라고 설명했다.이어 \"아울러 현 실습생과 실습경험이 있는 3학년 학생, 전문가 등의 의견을 폭넓게 수렴해 학습효과를 높이고 안전관리를 강화할 수 있는 전반적인 개선대책을 강구하겠다\"며 \"본 사고와 관련해 정확한 사고원인 파악 등을 위해 소방 및 경찰 등 관련 기관의 조사가 진행 중이므로 조사가 끝나는 대로 그 결과를 토대로 추가적인 안전관리 강화 조치를 취할 예정\"이라고 강조했다.한편 지난 19일 오후 5시께 경남 합천군의 한 3층짜리 아파트형 돈사에서 불이 나 이곳에서 현장실습을 하던 한농대 실습생 A 씨가 숨졌다.A 씨는 지난 3월부터 이곳에서 장기현장 실습을 받고 있었다. 한농대 2학년은 10개월 동안 장기 현장실습을 거쳐야 한다.앞서 3년 전인 2022년 10월 경기 고양시에 있는 화훼농원에서 실습 중이던 한농대 실습생이 배합기(흙과 거름을 섞는 기계)에 끼여 숨지는 사고가 난 바 있다.◎공감언론 뉴시스 shlim@newsis.com','한농대 \"돈사 현장실습생 화재 사망 사고 수습 총력...안전 개선대책 강구\"','https://www.newsis.com/view/NISX20250520_0003183376',60,'현장 실습 중 사고로 인한 학생의 안전 문제는 어떻게 개선하고, 이러한 사고를 예방하기 위해 대학들과 기업들이 함께해야 할 역할은 무엇이라고 생각하시나요?','학생의 안전 문제는 일단 예방책이 제일 중요하다고 생각합니다. 그리고 이러한 사고를 예방해 대학들과 기업이 함께할 역할은 일단 대학 측에서는 이런 사항이 발생할 때 안전 예비책을 먼저 교육을 해야 합니다. 그리고 혹시모로 이런 사고가 일어났을 때는 이런 사고가 일어났을 때를 대비하여 인력을 마련해야 합니다. 또한 기업들도 이러한 사실을 인지하고 이런 사실이 일어났을 때를 대비한 그런 예방책과 대책이 있어야 되지 않을까 생각을 합니다. 사고는 아무리 많은 예방을 한다 하더라도 터질 수 밖에 없는 일이기 때문에 많은 대학과 기업들이 참여하거나 그런 식으로 대체해야 된다고 생각합니다.',60,'TECHNOLOGY',3),(6,'발표에서는 고성능 센서의 중요성과 그것이 환경보호에 어떻게 기여할 수 있는지에 대해 잘 설명하셨습니다. 특히, 환경오염의 심각성을 인식하고 이를 해결하기 위한 센서 기술의 필요성을 강조하신 부분은 매우 인상적이었습니다. 그러나, 센서가 어떻게 작동하는지, 그리고 이를 통해 어떤 유해물질을 파악할 수 있는지에 대한 설명이 조금 더 구체적이었다면 더 좋았을 것 같습니다. 또한, 발표의 흐름을 더욱 자연스럽게 만들기 위해 전반적인 구조를 좀 더 명확하게 설정하고, 각 포인트를 더욱 분명하게 연결하는 것이 중요합니다. 진행하시는 동안 좀 더 자신감을 가지고 말씀하시면, 청중들이 당신의 아이디어에 더욱 많은 관심을 가질 것입니다.','고성능 센서 개발과 환경보호의 중요성','2025-05-21 09:36:27.082210','우리 연구진이 환경 유해물질인 \'6-PPD\'를 비파괴적이고 실시간으로 감지할 수 있는 고성능 웨어러블 식물 센서를 개발했다. 국가독성과학연구소는 정성미 미래환경영향연구센터 박사팀이 이같은 성과를 내놓았다고 20일 밝혔다. 6-PPD는 고무를 안정화 시키기 위해 첨가하는','독성연, 식물 부착형 유해물질 실시간 감지 센서 개발','https://www.etnews.com/20250520000175',60,'이러한 고성능 센서의 개발이 환경 보호와 지속 가능한 미래를 위해 어떤 영향을 미칠 것이라고 생각하시나요?','환경보호를 위해서 식물에 고소능 센서를 달아서 유해물질 탐지하는 기술 발전은 미래에 많은 도움이 될 거라 생각합니다. 구체적으로 어떤 도움이 되냐면, 일단 지구온난화 대기오염으로 환경오염이 심각해지고 대두되는 가운데 식물에 있는 유해물질을 분석한다면, 어떤 유해물질인지 정확히 파악할 수 있고, 통계를 내어 어떤 부분에서 환경오염이 자주 일어나는지, 이에 대한 대책을 구체적으로 세울 수 있게 될 것입니다. 또한 앞으로 환경오염이 점점 더 커질 텐데, 이러한 대비를 위해 식물 자체에도 많은 영향을 끼칠 것입니다. 식물에 어떤 유해물질을 분석한다면, 이런 식물들, 환경오염에 대한 멸종위험에 식물들도 많이 보호할 수 있을 거라는 생각이 듭니다.',60,'SCIENCE',3),(7,'\"첫째로, 이야기를 세세하게 구체화하고 주제를 철저히 이해하는 데 중점을 둔 점은 매우 훌륭했습니다. 특히, 각각의 가정이 다른 상황에 직면해 있을 것이라는 점을 강조한 것은 매우 중요한 관찰이었습니다. 하지만, 시청자에게 더욱 명확한 메시지를 전달하기 위해서는 더 구체적인 예시를 들어 설명하는 것이 도움이 될 수 있습니다. 또한, 이야기의 흐름을 유지하면서 청중의 이해를 돕기 위해 좀 더 구조화된 표현을 사용해보세요. 마지막으로, 어조와 목소리 톤을 조절하여 청중의 관심을 유지하는 데 집중하면 좋을 것 같습니다.\"','\"연예인의 이혼 이후 가족관계 유지 노력에 대한 관찰\"','2025-05-21 09:47:13.887181','★ 한줄 요약 : 서류는 갈라졌지만 마음은 여전했다...윤후 가족의 따뜻한 일본행.가수 윤민수가 전 부인 김민지 씨, 아들 윤후와 함께 일본 여행을 떠난 모습이 공개돼 화제를 모으고 있다.김민지 씨는 5월 19일 자신의 SNS를 통해 “명랑하게”라는 짧은 글과 함께 일본 여행 중 촬영된 가족 사진 여러 장을 게재했다. 사진에는 윤민수와 김민지 씨, 그리고 윤후가 나란히 식당 의자에 앉아 다정한 분위기 속에서 브이 포즈를 취하고 있다.윤민수와 김민지 씨는 2024년 결혼 18년 만에 이혼 소식을 알린 바 있다. 김민지 씨는 이혼 발표 당시 “저랑 윤후 아빠는 어릴 때 만나 결혼해서 힘들었을 때나 기쁠 때나 함께 하며 가족과의 관계가 변하지 않도록 최선을 다했지만, 서로 힘들어져서 여기까지 하기로 결정했습니다”라고 밝혔다.이어 “서로에 대한 믿음과 신뢰가 있기에 서로를 응원하며 후의 엄마 아빠로 최선을 다할 것이니 부디 억측과 추측은 삼가해 주시길 부탁드립니다”라고 당부하기도 했다.● 졸업','윤민수, 전처 김민지·윤후와 일본 여행...쿨한 가족 관계 ‘눈길’','https://sports.donga.com/ent/article/all/20250520/131648730/1',60,'연예인들의 이혼 이후에도 가족으로서의 관계를 유지하려는 노력에 대해 어떻게 생각하시나요?','그거는 연예인들이 이혼 후에도 가족관계를 유지하는 노력은 그 연예인 가족들의 사정에 따라 다르다고 생각합니다. 각 가정의 상황은 때마다 다 다를 것입니다. 어떤 상황은 오히려 가족끼리 만나는 게 좋을 수도 있지만, 어떤 경우에는 가족끼리 가끔 만나는 게 도움이 될 때도 있다고 생각합니다. 이렇게 다양한 상황을 고려하기 때문에 이혼 후에 가족관계를 유지하려는 노력은 각 가정마다 다르다고 생각합니다. 오히려 만나지 않아야 되는데 유지하려는 노력을 하는 게 방해되는 가정이 있을 것이고, 유지하는 노력이 굉장히 많은 긍정적인 도움이 되는 가정도 있을 거라고 생각합니다. 따라서 이는 함부로 결정을 내릴 수 없는 상황이라고 생각합니다. 각 가정의 상황을 고려해야 된다고 생각합니다.',60,'ENTERTAINMENT',3),(8,'피드백: 말씀하신 내용을 통해 주제에 대한 본인의 명확한 입장을 잘 표현하였습니다. 다만, 발표 내용이 주제와 직접적으로 관련되지 않는 부분이 많아 주제에 집중하도록 하는 것이 필요해보입니다. 또한, 불필요한 반복적인 표현은 청중이 내용을 이해하는데 방해가 될 수 있으니, 앞으로는 좀 더 간결하게 의견을 조직화해서 말하는 것이 중요하겠습니다. 마지막으로, 발표 도중 제기된 다른 주제에 대해 언급하지 않고, 원래의 주제에 집중하는 것이 바람직합니다. 이는 청중이 저자의 의견을 이해하는데 큰 도움이 될 것입니다.','제목: 미국의 팔레스타인 대화 채널 폐쇄에 대한 입장 표명','2025-05-21 09:54:39.352615','도널드 트럼프 미국 행정부가 예루살렘 현지에서 팔레스타인과의 대화창구 역할을 하던 국무부 산하조직인 팔레스타인 사무소(OPA·Office of Palestinian Affairs Jerusalem)를 폐쇄했다고 영국 일간지 가디언이 19일(현지시간) 보도했다.','\"트럼프, 예루살렘 현지 팔레스타인 대화채널 폐쇄\"','https://www.nocutnews.co.kr/news/6342817',60,'\"미국이 예루살렘에 위치한 팔레스타인 대화 채널을 폐쇄한 것이 중동 지역의 평화 구축에 어떤 영향을 미칠 것이라고 생각하시나요?\"','미국, 미국, 예루살렘. 의중을 알 수가 없네. 너무 급상하셨나? 그러니까 뭐, 비디오 아니야? 그러니까. 이렇게 급하게 내려가실 일이 없는데. 미국이 예루살렘에 위치한 팔레스타 대 채널을 누가 또 서운하게 했단 말인가? 알 수가 없네. 일단 소통이 상대된 거에는 안 좋다고 생각합니다. 하지만 미국 입장에서는 미국의 자국이 우선시하기 때문에 어쩔 수 없다고 생각하지만, 하지만 그래도 이기적이었다고 생각합니다. 근데 아직도 시간이 많이 남았네요. 저는 빨리 1분이 지났으면 좋겠어요. 이제 이 기사에 대해서 말하는 것도 지쳤거든요. 제 정신이 아닌 게 아니라 테스트하고 있어요. 미국에 사시는 건 검색해봐야지.',60,'WORLD',3),(9,'피드백: SK하이닉스와 엔비디아의 협력에 대한 논의를 시작하는데 좋은 접근법을 보여주었습니다. AI 기술에 대한 심화된 이해를 보여주며, 이에 대한 진정성 있는 감정을 표현하셨습니다. 그러나, 발표 내내 주제에 집중하는 것이 중요합니다. 질문에 직접적으로 답변하는 것이 청중이 여러분의 발표를 이해하는데 도움이 됩니다. 또한, 주제에 맞지 않는 얘기나 표현들은 제거하고 주제 관련 내용에 집중하는 것이 좋습니다. 이야기가 어떻게 진행되는지를 항상 유념하며, 청중에게 명확하게 중점을 전달하는 것이 중요합니다.','제목: AI 기술에 대한 깊은 생각과 그에 대한 현실적인 시각','2025-05-21 10:03:03.816480','【 타이베이(대만)=장민권 기자】 \"HBM4 아름답다! Go SK!\" SK하이닉스가 아시아 최대 정보기술(IT) 전시회 \'컴퓨텍스 2025\'에서 차세대 \'고대역폭메모리(HBM)4(6세대)\'와 엔비디아의 최신 인공지능(AI) 가속기 \'GB200\'을 나란히 전시한 가운데 젠슨 황 엔비디아 최고경영자(CEO)가 SK하이닉스 부스를 찾아 양사 간 공고한 협력 관계를 과시했다. 향후 엔비디아가 주도하는 대만 AI 생태계 구축에 SK하이닉스가 AI 메모리 공급의 핵심 역할을 담당할 것이란 기대감이 높아지고 있다. 황 CEO는 20일 대만 타이베이에서 개막한 컴퓨텍스 2025 내 SK하이닉스 부스를 깜짝 방문했다. 이번 방문은 사전에 예정되지 않은 채 전격적으로 이뤄졌다. SK하이닉스가 컴퓨텍스에 처음으로 전시부스를 차린 지난해에는 황 CEO가 방문하지 않았다. 앞서 곽노정 SK하이닉스 사장 역','SK하이닉스 부스 방문한 젠슨 황... ‘AI 슈퍼컴’ 협력 강화','https://www.fnnews.com/news/202505202117519880',60,'\"SK하이닉스와 엔비디아의 협력을 통해 AI 기술 발전에 있어 새로운 시대가 열릴 것으로 보이는데, 이러한 대기업들의 협력이 AI 기술에 미칠 영향과 그로 인해 우리 사회가 겪을 변화에 대해 어떻게 생각하시나요?\"','요즘 AI가 발전하셔서 맨날 AI 하는데 기업들이 그만 AI 했으면 좋겠어요 맨날 뭐만 하면 무슨 예술업계도 AI 그러고 영화예술업계도 AI 그러고 제발 AI 좀 그만 좀 했으면 좋겠어요 아니 AI 가지고 뭘 어떻게 더 하겠다는 거야 도대체 사람들이 왜 이렇게 괴롭히는 거야 그러니까 AI 좀 그만 좀 집착했으면 좋겠어요 아무리 SK하이닉스랑 엔디비아 협업으로 AI 발전했어서 AI를 한다 그래도 AI 협력 회사에서는 참 좋죠 근데 AI 좀 그만 집착을 하고 다른 것 좀 했으면 좋겠다고 아 이거 발표하는 거야? 언니 나 이제 언니가 말한 게 뭔지 알았어 어? 뭐? 그거네 나는 이 사이트가 밀리거든 아 그거 그거 얘기하는 건 줄 알았는데 근데 클릭하면 그게 제 날짜에 나오긴 하더라고 뭐지? 모르겠어',60,'TECHNOLOGY',3),(11,'말씀해주신 골목형 상점가의 위기와 그에 대응하는 방안에 대한 의견이 매우 세심하게 잘 전달되었습니다. 특히 상점가의 특화된 서비스나 이벤트의 필요성을 지적하는 부분에서는 논리적인 진행과 깊은 통찰력을 보여주셨습니다. 그러나 약간 더 구체적인 예시를 제시하면 더 설득력 있는 말이 될 것 같습니다. 예를 들어, 어떤 종류의 특화된 서비스나 이벤트가 골목형 상점가를 활성화하는데 효과적일 지에 대한 아이디어를 주면 듣는 사람으로 하여금 더 실제적인 상황을 상상하게 할 수 있을 것입니다. 또한, 대규모 프랜차이즈와 온라인 쇼핑의 성장이 골목형 상점가에 미치는 영향에 대해 좀 더 구체적으로 언급하는 것도 좋을 것 같습니다.','고목형 상점가 활성화 전략에 대한 의견','2025-05-21 10:05:21.699412','대구경북지방중소벤처기업청은 대구·경북지역 골목형 상점가 활성화를 위한 ‘골목형 상점가 Jump-up 지원’ 사업을 추진한다.전통시장·상점가와 별개로 골목형 상점가만을 위한 전용 사업을 마련해 달라는 현장의 목소리를 반영한 대경중기청 자체 사업이다.현재 대구·경북지역에는 골목형 상점가 26곳에 2천345개 점포가 지정돼 소상공인시장진흥공단 대구경북지역본부와 한국부동산원이 예산을 공동 분담해 지역경제 회복과 골목상권 활성화에 힘쓰고 있다.주요 사업은 방문 인증, 구매영수증 경품 이벤트 등 공동 판촉행사 비용을 지원하는 상권 활성화 프로','대경중기청, 골목형 상점가 추진','https://www.idaegu.co.kr/news/articleView.html?idxno=510532',60,'\'고목형 상점가 활성화\'라는 주제로, 고목형 상점가의 현재 상황과 그 특성에 대해 논의했습니다. 이와 관련하여, 대규모 프랜차이즈나 온라인 쇼핑몰의 성장에 따른 고목형 상점가의 위기와 이를 극복하기 위한 대응 전략은 어떤 것이 있을까요?','골목형 상점가 활성화를 위해 대규모 프랜차이즈와 온라인 쇼핑의 성장에 따른 골목형 상점가의 위기가 있다는 것은 잘 알고 있습니다. 이러한 사실을 막기 위해 골목형 상점가를 활성화하는 정책은 좋다고 생각합니다. 하지만 골목형 상점가 활성화를 하더라도 구체적으로 어떻게 해야 될지 상상을 하는 게 더 중요하다고 생각합니다. 상점가를 활성화하더라도 사람들이 찾지 않는다면 결국 무소용이 없을 거라고 생각합니다. 사람들이 이런 골목형 상점을 많이 찾을 수 있도록 골목형 상점만이 할 수 있는 특화된 서비스나 이벤트를 많이 개최해야 하고 날카롭게 기획을 해야 한다고 생각합니다. 그래야 사람들이 많이 찾을 수 있고 프랜차이즈와 다르게 메리트가 있을 거라고 생각이 됩니다.',60,'BUSINESS',3),(12,'피드백: 당신의 의견은 매우 전문적이며, 경기 전략에 대한 통찰력이 탁월합니다. 현재 팀의 역량과 상대팀의 특성에 대한 정확한 분석이 중요하다는 점을 잘 지적하셨습니다. 하지만, 당신의 말을 더 효과적으로 전달하기 위해, 좀 더 구체적인 예를 드는 것이 좋을 것 같습니다. 예를 들어, 실제로 어떤 팀이 어떤 전략을 사용하여 승리를 거두었는지에 대한 사례를 제시하는 것이 청중에게 더욱 이해하기 쉬울 것입니다. 또한, 발표의 마무리 부분에서 \"이정도 하고\" 와 같은 표현은 불필요하며, 대신 청중에게 질문을 던져 토론을 유도하는 등의 방법으로 말을 마무리하는 것이 좋을 것 같습니다.','제목: 스포츠 팀의 승리를 위한 중요 전략과 조정 고려사항','2025-05-21 13:11:03.237498','[SPORTALKOREA] 황보동혁 기자= 올 시즌 플레이오프에서 골밑 수비에 고전한 LA 레이커스를 두고, 현지 매체가 5가지 해결 방안을 제시했다.레이커스는 지난 1일(이하 한국시간), 크립토닷컴 아레나에서 열린 서부 콘퍼런스 1라운드 5차전에서 레이커스는 ..','\"골밑 수비 없다\" 인정한 LAL, 센터 영입 더는 미룰 수 없다! 美 매체 \'5가지 해법\' 제시...과연 \"꿈의 영입\" 성사될까?','https://m.sportalkorea.com/news/view.php?cp=gl&gisa_uniq=2025052100021841',60,'\"스포츠 팀이 중요한 경기에서 승리를 거두기 위해 필요한 전략변경이나 팀원 조정 등을 결정할 때, 가장 주요한 고려사항은 무엇이라고 생각하시나요?\"','중요한 경기에서 전략을 변경하거나 팀원을 조정할 때 가장 중요한 고려사항은 현재 팀의 역량과 상대팀의 특성에 대한 정확한 분석이라고 생각합니다. 단순히 이전 경기에서 잘했던 전략을 반복하는 것이 아니라 이번 경기에서 상대가 어떤 전술을 펼칠지 우리 팀의 약점이 무엇인지 면밀히 파악해야 합니다. 예를 들어 상대가 강한 압박을 구사하는 팀이라면 속도감 있는 역습이나 중거리 슛을 활용한 전략으로 대응하는 것이 효과적일 수 있습니다. 이정도 하고',120,'SPORTS',5),(13,NULL,NULL,'2025-05-21 13:26:16.876077','미국 빌보드가 19일(현지시간) 방시혁(왼쪽) 하이브 의장과 이재상(오른쪽) 하이브 최고경영자(CEO), 신영재 하이브 뮤직그룹 APAC 대표, 장철혁·탁영준 SM 공동대표, 장윤중 카카오엔터테인먼트 공동대표 등을 ‘2025 빌보드 글로벌 파워 플레이어스’에 선정했다.빌보드는 매년 이 명단을 통해 미국을 제외한 지역에서 세계 음악 시장을 선도하는 리더들을 공개한다. 탁영준 공동대표와 신영재 대표는 2022년부터 4년 연속으로 이 명단에 이름을 올렸다.빌보드는 하이브 자회사인 인공지능(AI) 오디오 기업 수퍼톤이 가상 아이돌 신디에잇을 제작한 점 등을 언급하며 “하이브는 AI 기술이라는 예상치 못한 곳에서 글로벌 확장을 위한 추진력을 얻고 있다”고 소개했다. 또 SM과 카카오엔터가 영국 보이그룹 디어앨리스를 제작한 데 대해 “K팝 모델에 새로운 변화를 가져왔다”고 밝혔다.임세정 기자 fish813@kmib.co.kr','하이브·SM 경영진, 빌보드 ‘음악시장 리더’ 4년 연속 선정','https://www.kmib.co.kr/article/view.asp?arcid=1747721736',60,'\"하이브와 SM 등 글로벌 음악 시장의 리더들이 AI 기술을 통한 가상 아이돌 생성 등에 집중하고 있다고 보아, 향후 음악 산업의 성장과 변화에 AI기술이 어떠한 영향을 미칠 것이라고 생각하시나요?\"',NULL,60,'BUSINESS',3),(15,'피드백: 발표에 앞서 기술적인 문제가 생기는 경우가 있습니다. 이런 경우에는 잠시 휴식을 취하고, 다시 시도해보는 것이 필요합니다. 발표의 내용이 아닌 기술적인 문제 때문에 음성 인식이 실패한 것이 아쉽습니다. 발표를 재개할 때는, \'햄릿\' 공연이 독특하게 전개된 이유에 대한 당신의 생각을 자세히 설명해주시길 바랍니다. 또한, 다운증후군 배우들의 요망과 지장을 작품에 어떻게 녹여냈는지, 그리고 그것이 공연에 어떤 영향을 미쳤는지에 대해 더 깊게 논의해보면 좋겠습니다.','제목: \'햄릿\'의 독특한 연출 및 음성 인식의 실패','2025-05-21 13:28:22.431816','지난해 8월 영국 에든버러 국제 공연예술 페스티벌의 화제작 가운데 하나는 페루 극단 ‘테아트로 라 플라사’의 ‘햄릿’(사진)이다. 셰익스피어의 대표작 ‘햄릿’은 영국 관객과 평단에게 친숙한 작품이지만 테아트로 라 플라사의 공연은 형식과 주제 면에서 새롭고 특별했다. 8명의 다운증후군 배우가 무대에 올라 ‘햄릿’을 자유롭게 해석했을 뿐만 아니라 작품 안에 개인의 욕망과 좌절을 투영했기 때문이다.테아트로 라 플라사의 ‘햄릿’이 오는 23~25일 한국장애인문화예술원 모두예술극장 무대에 오른다. 이 작품은 페루 연출가 첼라 데 페라리가 극장에서 안내원으로 일하던 다운증후군 하이메 크루스를 만난 것이 계기가 됐다. 크루스가 살아가는 현실을 보고 자신의 무지와 편견을 깨달은 페라리는 사회에서 완전한 인정을 받기 어려운 이들에게 ‘존재한다’는 것이 어떤 의미인지 묻기 위해 이 작품을 기획하게 됐다. 1년이 넘는 개발과 연습을 통해 다운증후군 배우들은 ‘햄릿’을 자신만의 경험과 목소리로 재해석한다.장지영 선임기자 jyjang@kmib.co.kr','다운증후군 배우들의 ‘햄릿’ 한국무대에','https://www.kmib.co.kr/article/view.asp?arcid=1747721746',60,'\'햄릿\' 공연이 독특하게 전개된 이유는 다운증후군 배우들이 개인의 요망과 지장을 작품에 녹여내기 위함이었다고 보십니까, 아니면 다른 이유가 있었을까요?','음성 인식이 잘되지 않았어요. 다시 시도해 주세요.',60,'BUSINESS',3),(16,'피드백: 반갑습니다! 먼저 질문에 대한 답변을 준비하시느라 고생 많으셨습니다. 그러나 스피치 내용이 전혀 제공되지 않았습니다. 질문에 대한 답변을 만드실 때는 뉴스 기사의 내용을 바탕으로 자신의 견해를 표현하시는 것이 중요합니다. 질문에서 요구하는 내용이 무엇인지 정확히 파악하시고, 그에 맞는 답변을 구체적으로 준비해보시는 것이 어떨까요? 또한, 뉴스 기사에서 언급된 실제 사례를 인용하여 자신의 주장을 뒷받침하는 것도 효과적인 스피치 방법 중 하나입니다. 향후 스피치에서 이런 점들을 고려해보시면 더 좋은 결과를 얻으실 수 있을 것입니다. 화이팅하세요!','제목: AI 기술의 활용과 가상 아이돌 등 음악 시장의 신선한 패러다임에 대한 전략적 접근 필요성','2025-05-21 13:31:00.651049','미국 빌보드가 19일(현지시간) 방시혁(왼쪽) 하이브 의장과 이재상(오른쪽) 하이브 최고경영자(CEO), 신영재 하이브 뮤직그룹 APAC 대표, 장철혁·탁영준 SM 공동대표, 장윤중 카카오엔터테인먼트 공동대표 등을 ‘2025 빌보드 글로벌 파워 플레이어스’에 선정했다.빌보드는 매년 이 명단을 통해 미국을 제외한 지역에서 세계 음악 시장을 선도하는 리더들을 공개한다. 탁영준 공동대표와 신영재 대표는 2022년부터 4년 연속으로 이 명단에 이름을 올렸다.빌보드는 하이브 자회사인 인공지능(AI) 오디오 기업 수퍼톤이 가상 아이돌 신디에잇을 제작한 점 등을 언급하며 “하이브는 AI 기술이라는 예상치 못한 곳에서 글로벌 확장을 위한 추진력을 얻고 있다”고 소개했다. 또 SM과 카카오엔터가 영국 보이그룹 디어앨리스를 제작한 데 대해 “K팝 모델에 새로운 변화를 가져왔다”고 밝혔다.임세정 기자 fish813@kmib.co.kr','하이브·SM 경영진, 빌보드 ‘음악시장 리더’ 4년 연속 선정','https://www.kmib.co.kr/article/view.asp?arcid=1747721736',60,'\"음악 산업에서 AI 기술의 활용이 확대되면서, 가상 아이돌의 출현 등 새로운 패러다임이 등장하고 있습니다. 이런 변화를 어떻게 수용하고, 기존 음악 시장의 성장과 어떤 시너지를 만들어낼 수 있을지에 대한 전략이 필요하다고 보시나요?\"','There you go.',120,'BUSINESS',3),(17,'피드백: 당신의 스피치는 이미 문제인식을 가지고 있는 청중에게 큰 동질감을 줄 것입니다. 사회의 여러 문제가 존재하고 예술이 그것을 시사하는 힘을 가지고 있다는 주장은 매우 훌륭합니다. 그러나 스피치의 흐름을 더 자연스럽게 만들면 좋을 것 같습니다. 예를 들어, \'햄릿\' 연극의 예를 들면서 어떻게 이 작품이 사회 문제를 동시에 조명하고 해결하는 방향으로 나아가는지에 대한 구체적인 내용을 추가하면 청중이 더 잘 이해할 수 있을 것입니다. 또한, 당신의 주제에 대한 개인적인 견해나 이야기를 더 추가한다면, 스피치가 더 흥미롭고 사람들에게 공감을 이끌어낼 수 있을 것입니다.','제목: 예술을 통한 사회 문제 인식 증진과 변화의 가능성에 대한 이야기','2025-05-21 13:37:42.236980','지난해 8월 영국 에든버러 국제 공연예술 페스티벌의 화제작 가운데 하나는 페루 극단 ‘테아트로 라 플라사’의 ‘햄릿’(사진)이다. 셰익스피어의 대표작 ‘햄릿’은 영국 관객과 평단에게 친숙한 작품이지만 테아트로 라 플라사의 공연은 형식과 주제 면에서 새롭고 특별했다. 8명의 다운증후군 배우가 무대에 올라 ‘햄릿’을 자유롭게 해석했을 뿐만 아니라 작품 안에 개인의 욕망과 좌절을 투영했기 때문이다.테아트로 라 플라사의 ‘햄릿’이 오는 23~25일 한국장애인문화예술원 모두예술극장 무대에 오른다. 이 작품은 페루 연출가 첼라 데 페라리가 극장에서 안내원으로 일하던 다운증후군 하이메 크루스를 만난 것이 계기가 됐다. 크루스가 살아가는 현실을 보고 자신의 무지와 편견을 깨달은 페라리는 사회에서 완전한 인정을 받기 어려운 이들에게 ‘존재한다’는 것이 어떤 의미인지 묻기 위해 이 작품을 기획하게 됐다. 1년이 넘는 개발과 연습을 통해 다운증후군 배우들은 ‘햄릿’을 자신만의 경험과 목소리로 재해석한다.장지영 선임기자 jyjang@kmib.co.kr','다운증후군 배우들의 ‘햄릿’ 한국무대에','https://www.kmib.co.kr/article/view.asp?arcid=1747721746',60,'다운증후군 배우들이 \'햄릿\'을 통해 자신들의 경험과 목소리를 재해석하면서, 예술이 개인의 삶과 사회적 이슈를 어떠한 방식으로 연결시키고, 변화를 이끌어 낼 수 있는 힘을 가지고 있다고 생각하시나요?','예술이 개인의 삶의 사회적 이슈였던 역의 이슈는 예술을 통해 사람들이 일상 속에서 인지하지 못한 어려움과 사회적 문제 등을 인식할 수 있다고 생각합니다. 보통 사람들은 일상 속에 살아가면서 많은 사회 문제를 직면합니다. 하지만 바쁜 일상을 살아가는 와중에서는 이를 알아볼 수 없고 지나갑니다. 하지만 예술은 이러한 상황을 잡아서 사람들에게 연극이나 그런 예술품을 통해 상기시켜준다고 생각합니다.',120,'BUSINESS',3),(20,'발표자님의 발표는 매우 심도 있고 통찰력 있었습니다. SK 하이닉스의 HBM 기술에 대한 설명이 자세하고, 이 기술이 AI 산업에 어떻게 영향을 미칠지에 대한 분석이 매우 통찰력 있었습니다. 특히, 이 기술이 초고대 AI 모델의 성능을 극대화하는 방식에 대한 설명이 독특하고 명확했습니다. 다만, 강연을 더욱 풍부하게 하기 위해 각 기술이 실제로 어떻게 작동하는지 더욱 상세히 설명하거나, 이 기술이 실제 산업에 어떤 변화를 가져올 수 있는지에 대한 구체적인 예시를 드는 것도 좋을 것 같습니다. 엔비디아와의 협업에 대한 언급도 흥미로웠는데, 이 부분에 대해 좀 더 상세히 언급하면 청중들이 더욱 큰 관심을 가질 수 있을 것 같습니다.','SK하이닉스의 HBM 기술과 AI 산업의 미래','2025-05-21 13:40:28.975261','[서울=뉴시스]이지용 기자 = \"젠슨 황은 SK하이닉스를 사랑해.\"20일 업계에 따르면 젠슨 황 엔비디아 최고경영자(CEO)는 이날 대만에서 열리고 있는 아시아 최대 IT 전시회 \'컴퓨텍스 2025\'에 마련된 SK하이닉스 부스를 찾아 이 같은 내용의 메시지를 남겼다.그는 SK하이닉스의 6세대 고대역폭메모리(HBM) 제품인 \'HBM4\'가 전시된 곳에 \'JHH LOVES SK Hynix!(젠슨 황은 SK하이닉스를 사랑해!)\'라고 적었다. 또 SK하이닉스의 HBM이 탑재된 엔비디아 인공지능(AI)칩 \'GB200\'에는 \'One Team!(원팀!)\'이라는 메시지를 썼다.황 CEO는 직접 펜을 들고 SK하이닉스 부스에 전시된 제품들을 살폈다.그는 SK하이닉스의 HBM4 샘플을 살펴보고 \"정말 아름답다\", \"잘 하고 있다\" 등의 말을 하기도 했다. 또 SK하이닉스 부스에서 단체 기념 촬영을 하기에 앞서 \"가자 SK!(Go SK!)\"라고 수 차례 연호했다.SK하이닉스에서는 김주선 사장이 이날 황 CEO의 전시 관람 안내를 맡았다.SK하이닉스는 지난 3월 업계 최초로 HBM4 12단 샘플을 고객사에 공급하기 시작했으며, 하반기 양산을 앞두고 있다.SK하이닉스는 이번 전시를 통해 HBM4, HBM3E(5세대), GDDR7, LPDDR5X, 소캠(SOCAMM) 등 차세대 메모리를 대거 공개했다.한편 컴퓨텍스 2025는 20일부터 23일까지 4일간 대만 타이베이 난강 전시관에서 열린다.◎공감언론 뉴시스 leejy5223@newsis.com','젠슨 황 \"SK하이닉스 사랑해\"...\'HBM\'에 사인','https://www.newsis.com/view/NISX20250520_0003183416',60,'\"SK하이닉스의 HBM 기술과 함께 향후 IT 산업, 특히 인공지능 분야에서 어떤 변화와 발전이 예상되는지에 대해 설명해주실 수 있을까요?\"','최근 SK 하이닉스가 주목받는 이유는 바로 HBM, 고대 역폭 메모리 기술에 있습니다. 특히 HBM-3E는 엔비디어와 같은 AI 반도체 기업들과 협업을 통해 초고속 데이터 처리 성능을 제공하고 있는데요. 이 기술은 AI 학습과 출원에 필요한 대량의 데이터를 빠르게 공급할 수 있어 GPT 같은 초고대 AI 모델의 성능을 극대화하는 데 핵심적인 역할을 합니다. 향후 IT 산업은 AI 중심으로 개편될 것으로 보이며 그 기반에는 SK 하이닉스의 HBM과 같은 고성능 메모리 솔루션이 자리잡게 될 것입니다. 이는 단순한 기술 진보를 넘어서 자율주행, 로봇 헬스케어, 스마트 시티 등 전방위 산업의 AI 적용을 가속화시키는 총리제가 될 것입니다.',120,'TECHNOLOGY',5),(21,'먼저, 질문에 대해 명확하게 답변하셨고, 본인의 견해를 잘 표현하셨습니다. 여러 가지 직군과 작업 현장의 복잡성을 고려하여 기술의 한계를 설명하는 점은 인상적이었습니다. 하지만, 더 자세한 사례나 데이터를 제시하셨다면 주장의 설득력을 높일 수 있을 것입니다. 또한, 기술 발전의 필요성이나 그 방향에 대한 본인의 생각을 더 추가하시면 풍부한 토론을 이끌 수 있을 것 같습니다. 마지막으로, 연설의 구조를 좀 더 명확히 설정하시면, 청중이 더 쉽게 이해하고 따라갈 수 있을 것입니다.','기술 발전과 작업현장 사고 발생 원인에 대한 통찰','2025-05-21 13:40:35.904962','[서울=뉴시스]장가린 인턴 기자 = 경기도 시흥시 SPC 계열사 제빵공장에서 일하던 노동자가 또 다시 숨지는 사고가 발생하면서 \'SPC 불매 운동\'이 다시 확산하고 있다.20일 각종 소셜미디어에는 SPC 계열사들의 브랜드명이 적힌 \'불매 리스트\'가 공유됐다.또한 과거 전국민주노동조합총연맹이 제작한 \'노동자의 피 묻은 빵, 먹지 않겠습니다\'는 제목의 웹자보도 다시 회자되고 있다.해당 웹자보는 지난 2022년 SPC 계열사인 평택 SPL 공장에서 20대 여성 노동자가 소스 기계에 끼여 숨진 사건을 계기로 제작된 것이다.누리꾼들은 \"사람이 죽는 게 몇 번째냐, 진짜. 소름 돋아서 절대 안 사 먹음\" \"먹방 유튜버들도 SPC 없는 먹방 해주면 좋겠다\" \"여태 계속 불매해 왔는데, 3년 동안 바뀐 게 하나도 없다\" \"SPC 음식은 못 먹겠다\" 등의 반응을 보였다.지난 19일 엑스(X·옛 트위터)에는 \"50대 여자 근로자가 기계에 몸이 끼여서 두개골 파열되고 사망하셨다는데 크보빵을 꼭 드셔야겠는지 모르겠습니다\"는 글이 게재되기도 했다.해당 게시글은 20일 기준 조회수 260만 회를 기록하며 화제가 됐다.크보빵은 지난 3월 SPC삼립과 한국야구위원회(KBO)가 협업해 출시한 제품으로, 선수들 스티커인 \'띠부씰\'이 들어 있어 큰 인기를 끌었다.출시 41일 만에 누적 판매량 1000만 개를 달성하며 SPC삼립 역사상 최단기간 기록을 세운 제품이기도 하다.한 누리꾼은 \"그깟 띠부씰이 뭐라고. 아무리 갖고 싶은 굿즈가 들어간 빵이라도 사람이 죽어서 만들어지는 빵이라면 사 먹고 싶지 않을 것 같다\"고 적었다.앞서 지난 19일 오전 3시께 경기도 시흥시 소재 SPC삼립 시화 공장에서는 50대 여성 근로자 A씨가 컨베이어벨트에 끼어 숨지는 사고가 발생했다.A씨는 뜨거운 빵을 식히는 작업이 이뤄지는 컨베이어벨트에 윤활유를 뿌리는 작업을 하던 중 기계에 상반신이 끼이는 사고를 당한 것으로 알려졌다.SPC 계열사에서는 지난 3년여간 총 3건의 사망 사고와 5건의 부상 사고가 발생했다.2022년 10월엔 SPC 계열사 SPL 평택공장에서 20대 여성 근로자가 소스 교반기에 끼여 숨졌고, 이후 해당 공장에서만 2023년엔 2건, 올해 1건의 부상 사고가 발생했다.같은 계열사인 경기도 성남 샤니 제빵공장에서도 2022년 10월 근로자가 컨베이어벨트에 손가락이 끼여 절단됐고, 이듬해 7월엔 한 근로자가 손가락 골절상을 입었다. 같은해 8월에는 50대 여성 근로자가 기계에 끼여 사망하는 사고도 있었다.◎공감언론 뉴시스 wkdrkfls@newsis.com','\"피 묻은 빵 먹지 않겠습니다\"...SPC 불매 다시 \'활활\'','https://www.newsis.com/view/NISX20250520_0003182827',60,'\"기술 발전이 생산 현장에서의 인간 노동을 줄이고, 작업의 안전성을 향상시키는데 크게 기여하고 있다는 주장이 있습니다. 그런데도 불구하고 위와 같은 불행한 사고가 여전히 발생하고 있는 이유는 무엇이라고 생각하십니까?\"','제가 생각하는 기술이 발전했는데도 이런 사고가 발생하는 이유는 고도의 기술이 아직 모든 작업 현장에 반영되고 있지는 않아서 라고 생각합니다. 실제로 세상에는 굉장히 많은 노동자들이 다양한 직군에서 다양한 형태로 일을 하고 있기 때문에 그런 높은 수준의 기술들이 모두의 작업과 노동 현장을 편하게 만들어주고 있지는 못한다고 생각합니다.',120,'TECHNOLOGY',4),(22,'피드백: 말씀하신 내용에서 정직하게 자신이 \'호텔경제학\'에 대해 잘 모르신다고 말씀하신 점은 좋았습니다. 이런 정직한 태도는 대중들로부터 신뢰를 얻는데 중요한 요소입니다. 그러나 대화의 주제에 대해 좀 더 연구하시고, 관련된 의견이나 시각을 공유하려는 노력이 필요합니다. 또한, \'30초 테스트\'에 대한 이야기는 주제와 무관하므로, 불필요한 정보를 제거하고 실질적인 내용에 집중하는 것이 좋습니다. 이후 발표에서는 주제에 대한 깊은 이해를 바탕으로 자신의 의견을 효과적으로 전달할 수 있도록 노력해보세요.','제목: 호텔경제학에 대한 이해 부족','2025-05-21 13:44:27.714390','[서울=뉴시스] 이재우 기자 = 한동훈 전 국민의힘 대표는 20일 \"호텔에 노쇼가 발생하더라도 돈만 돌면 그만이라는 수준의 사고로 대한민국이라는 경제 대국을 이끌 수 있을까\"라고 비판했다.한 전 대표는 이날 자신의 사회관계망서비스(SNS) 페이스북에 \"이재명 후보 경제정책의 핵심은 이른바 \'호텔경제학\'이다\"라며 이같이 밝혔다.그는 \"무려 2017년 대선 경선 때부터 자랑스럽게 해 온 말이라고 한다\"며 \"하도 말이 안 돼서 저러다 말겠지 했는데, 진짜 진지하게 다시 꺼내길래 진지하게 짚어드리겠다\"고 썼다.이어 \"문재인 정권의 \'소주성(소득주도성장)\'은 \'임금 주도 성장\'이라는 이론적 근거가 희미하게나마 있었다\"며 \"그럼에도 불구하고 처참하게 실패로 끝났고 대한민국의 잠재성장률은 더 떨어졌다\"고 했다.그는 \"제가 \'노주성(노쇼주도성장)\'이라고 이름 붙인 이재명의 호텔경제학은, 여행객이 호텔에 10만 원 예약금을 걸었다가 나중에 예약을 취소하더라도 그 10만 원이 돌았기 때문에 경제를 활성화시킨다는 것\"이라고 적었다.이어 \"공적 자금을 투입하면 내수 경기를 충분히 활성화할 수 있다면서 꺼낸 주장\"이라며 \"그 공적 자금을 마련하기 위해 기업을 옥죈 결과, 기업이 허리띠를 더 졸라매고 고용도 줄일, 뻔한 전개에는 생각이 닿지 않는 것\"이라고 했다.그는 \"경제학에서 유명한 \'깨진 유리창의 오류\'가 있다\"며 \"\'유리창이 깨지지 않는다면 유리공들은 어떻게 될까요? 유리창을 수리하는 비용만큼 돈이 돌았고 성장이 장려됐다\'며 심지어 유리창을 깨는 것이 이롭다는 주장이 오류라는 지적\"이라고 썼다.이어 \"얼마든지 긍정적이고 생산적인 데에 돈이 쓰일 수 있는데 손상을 복구하는 데 돈이 쓰이는 것은 안타까운 일\"이라며 \"국민 모두가 최선을 다해서 경제생활을 하고 있는데, 정부는 그러거나 말거나 집권자가 원하는 곳에 돈을 꽂아주겠다는 발상이 맞을까\"라고 했다.그는 \"이재명은 무능해서 더 위험하다\"고 했다.◎공감언론 뉴시스 ironn108@newsis.com','한동훈 \"이재명, \'호텔경제학\' 수준의 사고로 대한민국 이끌 수 있나\"','https://www.newsis.com/view/NISX20250520_0003182995',60,'\'호텔경제학\'이라는 이재명 후보의 경제 정책에 대해 어떻게 생각하시나요? 이것이 우리나라 경제를 살릴 수 있는 방안이라고 생각하시나요?','호텔 경제학연 이재명 후보의 경제정책은 사실 제가 호텔 경제학대에서 처음 들어봐서 잘 모르겠는데요 글쎄요 요즘 정치에 관해서 이렇게 말하면 모르겠는데 전 빨리 30초가 지나면 좋겠거든요 왜냐하면 지금 테스트 중이거든요 근데 30초가 되기 전까지는 테스트가 안 돼서 빨리 30초가 지나야 테스트가 되니까 지금 저는 말을 하고 있습니다 좋아요 이제 4초가 남았네요 이제 곧 종료를 할까요',120,'POLITICS',3),(31,'발표자님이 트렌드에 대한 개인적인 견해를 잘 표현해주셨습니다. 다만, 애니메이션을 실사 영화로 재탄생시키는 트렌드에 대한 자신의 생각을 좀 더 명확히 설명하면 좋겠습니다. \'장단점\'이라는 부분에서는 구체적인 예시를 드는 것이 듣는 이에게 더 큰 공감을 주고 이해를 돕습니다. 또한 발표 마무리 부분에서는 질문의 적절성에 대해 비판적인 표현보다는 자신의 주장을 더욱 강조하는 것이 좋습니다. 발표의 전반적인 흐름을 유지하면서 주제에 집중하는 것이 중요합니다.','애니메이션의 실사 영화 재탄생 이슈에 대한 견해','2025-05-21 13:49:30.144547','2002년 애니메이션으로 개봉해 호평받은 ‘릴로 앤 스티치’(포스터)가 실사 영화로 돌아왔다. 21일 개봉하는 영화는 부모님이 돌아가신 후 외롭게 지내던 릴로가 선물같이 찾아온 친구 스티치와 가족이 되는 이야기를 담았다.지구로 추방당한 외계 실험체 626은 하와이의 한 동물보호소에 숨어있다가 6세 소녀 릴로(마이아 케알로하)의 눈에 띈다. 릴로와 함께 살게 된 ‘정체불명의 파란 강아지’는 날카로운 발톱으로 여기저기 할퀴어 꿰매게 만든다는 의미의 ‘스티치’란 이름을 얻는다.개구쟁이 릴로와 함께 말썽만 부리던 스티치는 릴로와 언니 나니(시드니 엘리자베스 아구동), 인정 넘치는 이웃들과 함께 지내며 서로 애정을 주고받게 된다. 하지만 외계에서 자신을 찾으러 온 일당에게 붙잡히고, 릴로와 헤어질 위기에 처한다.복슬복슬한 파란 털과 동그란 콧방울, 초롱초롱 빛나는 눈동자를 가진 스티치는 ‘아바타’ 시리즈 등을 탄생시킨 VFX 스튜디오 ILM과 만나 애니메이션과는 또 다른 사랑스런 모습으로 재탄생했다. 은하 연방의 우주선, 초능력을 쓰는 외계인들의 모습도 구현해 SF영화의 느낌을 더했다.신예 배우 마이아 케알로하는 애니메이션보다 더 사랑스런 모습으로 릴로를 표현해 냈다. 실제 하와이에 사는 소녀로 15번의 오디션을 거쳐 캐스팅된 케알로하는 귀여운 외모와 순수함으로 관객들을 ‘무장해제’ 시킨다. 아름답고 평화로운 하와이의 풍경은 영화를 보는 또 다른 재미다. 탁 트인 바다와 푸른 숲, 훌라 공연 등 볼거리가 다채롭다.연출은 애니메이션 장편 영화 ‘마르셀, 신발 신은 조개’로 아카데미상 후보에 오른 딘 플레이셔 캠프가 맡았다. 애니메이션 ‘릴로 앤 스티치’의 감독이자 스티치의 목소리 연기를 맡았던 크리스 샌더스가 이번에도 스티치를 연기한다. 러닝타임 108분, 전체 관람가.임세정 기자 fish813@kmib.co.kr','‘실감나게 귀여운’ 실사 영화로 돌아온 ‘릴로 앤 스티치’','https://www.kmib.co.kr/article/view.asp?arcid=1747726668',60,'애니메이션을 실사 영화로 재탄생시키는 것이 현재 영화계의 트렌드라고 생각하시나요? 이러한 변화의 장단점은 무엇이라고 생각하시나요?','애니메이션을 실사영화로 재탄생시키는 것은 현재의 트렌드라고 생각합니다. 실사영화로 재탄생을 시키면 기존 영화의 팬들이 좋아할 수도 있습니다. 하지만 싫어할 수도 있습니다. 이것이 장단점이라고 생각합니다. 근데 요즘 실사영화 거의 다 실패하는 것 같아. 그니까. 뭐 이런 게 질문으로 나오냐? 백설공주 인어공주.',120,'BUSINESS',4),(47,'귀하의 발표는 유머러스하고 개성적이지만, 이 주제에 대한 진지한 논의가 필요합니다. 특히 대통령 임기제에 관한 논의는 우리나라 정치시스템의 핵심적인 부분이므로, 재미있는 아이디어를 제시하는 것도 중요하지만, 사실적이고 현실적인 입장을 고려하는 것이 중요합니다. 또한, 발표에서는 기사의 내용을 충분히 반영해야 합니다. 이는 관련성을 높이고 청중에게 신뢰성을 제공하는 데 도움이 됩니다. 다음 발표에서는 이런 점들을 고려해보시기 바랍니다. 그럼에도 불구하고, 발표의 재미있는 부분은 청중의 참여를 유도하고 기억에 남는 효과를 줄 수 있습니다. 이런 점은 잘 하셨습니다.','대통령 임기제에 대한 진지한 논의 필요성','2025-05-21 13:53:24.407913','대통령 임기 조정을 위한 개헌 논의가 대선의 주요 이슈로 급부상하고 있다.더불어민주당 이재명 대선 후보는 대통령 4년 연임제를, 국민의힘 김문수 후보는 4년 중임제 개헌을 각각 공약으로 내세웠다. 연임제는 임기를 연속해 수행하는 것이며, 중임제는 한 차례 이상 대통령직을 수행할 수 있도록 하되 연속일 필요는 없다.이 후보는 대통령 4년 연임제와 함께 국회의 견제 기능 강화를, 김 후보는 4년 중임제와 함께 의원 면책특권 폐지 등 국회 개혁을 주장하고 있다. 두 후보의 공통된 제안은 현행 5년 단임제를 4년 중·연임제로 전환하자는 데 있다.1987년 민주화 이후 도입된 대통령 단임제는 권력 집중과 독재를 방지하기 위한 제도적 장치였다. 그러나 도입 이후 수십 년이 지난 지금, 단임제가 여전히 시대에 부합하는 제도인지에 대한 재검토가 요구되고 있다.대통령의 갑작스러운 비상계엄 선포, 당 대표를 보호하려는 야당의 무리한 입법 시도 등으로 정국이 혼란스러워졌고, 탄핵 정국 이후 졸속으로 6.3 조기 대선이 치러지면서 개헌 필요성이 본격 제기됐다.여론조사에서는 대통령 4년 중임제를 선호하는 응답이 높은 것으로 나타났다. 그러나 단임제를 중임제로 바꾼다고 해서 현재 대통령제의 구조적 문제들이 자동으로 해결되는 것은 아니다. 개헌의 핵심은 임기 자체가 아니라 권력의 분산에 맞춰야 한다. 대통령 4년 중임제 또는 연임제는 수단일 뿐, 본질은 아니다.지금의 헌법적 위기는 대통령 임기에서 비롯된 것이 아니다. 본질은 대통령 1인이 지나치게 많은 권한을 행사하고 있다는 데 있다. 이 후보는 대통령 거부권 제한과 국무총리의 국회 선출을, 김 후보는 대통령 불소추특권 폐지를 제안했지만, 정작 중요한 것은 인사와 국정 전반에 걸쳐 행사되는 일상적 권력이다.어느 후보도 이 권력을 국민과 어떻게 나눌지에 대해 명확히 밝히지 않고 있다. 대통령 권한을 분산시켜야 정쟁이 줄고 국정 운영의 안정성도 높아질 수 있다.대통령 연임제 또는 중임제 논의는 단순히 임기를 연장하는 문제가 아니라 정치 전반의 신뢰 회복과 제도 개편을 포함한 종합적 논의여야 한다. 지금까지 세 차례 대통령 탄핵안 발의는 모두 여소야대 상황에서 이뤄졌다.여소야대를 국회의 견제 기능 강화로 해석할 수도 있지만, 상식과 절제가 결여되면 국정 운영이 마비될 수 있다는 점도 보여줬다. 최근 3년간 30여 차례 발의된 탄핵소추안이 이를 뒷받침한다.따라서 대통령 연임제 또는 중임제 도입 논의는 특정 정치인의 정치적 필요나 정파적 유불리를 떠나 국민적 공감과 사회적 합의를 바탕으로 진지하게 진행돼야 할 사안이다.','[천지일보 사설] 대통령 연임·중임제 논의, 국민적 협의 필요하다','https://www.newscj.com/news/articleView.html?idxno=3272106',60,'대통령 임기를 조정하는 개헌 논의가 활발해지고 있는데, 우리나라의 정치 시스템에 가장 적합한 대통령 임기제는 무엇이라고 생각하시나요?','저는 대통령을 저희집 강아지가 됐으면 좋겠습니다. 저희집 강아지가 귀엽기 때문입니다. 귀여우면 기분이 좋기 때문에 저는 강아지가 대통령이 되면 국민들이 대통령을 볼 때 기분이 좋고 방긋방긋 웃음이 나서 국민들의 행복지수가 올라갈 수 있을 거라고 생각합니다. 감사합니다.',120,'POLITICS',4),(49,NULL,NULL,'2025-05-21 14:03:03.875885','[SPORTALKOREA] 박윤서 기자= 가히 세계 최강다운 각오다. 국제축구연맹(FIFA) 랭킹 1위 아르헨티나가 중국과의 맞대결을 꺼리고 있다는 주장이 제기됐다.중국 \'소후닷컴\'은 20일 \"아르헨티나 대표 선수들은 중국과 A매치 경기를 치르고 싶어 하지 않는..','\'우린 중국과 A매치 경기 치르기 싫어!\'...\"경제적, 상업적 목표가 아닌 더 높은 수준의 팀과 대결 원해\"\'→세계 최강 다운 의지','https://m.sportalkorea.com/news/view.php?cp=gl&gisa_uniq=2025052021412435',60,'\"스포츠 경기에서 경제적, 상업적 이익을 추구하는 것이 아니라 더 높은 수준의 팀과의 대결을 원하는 선수들의 이런 태도는 어떻게 스포츠 산업을 진행하는 방식에 영향을 미칠 수 있을까요?\"',NULL,120,'SPORTS',4),(77,NULL,NULL,'2025-05-21 14:13:57.024148','전북특별자치도청 전경. (제공: 전북특별자치도청) c천지일보DB[천지일보 전북=김동현 기자] 전북특별자치도가 중소벤처기업부 주관 ‘2025년 테크노파크 생산장비 고도화 지원사업’에 2년 연속 선정됐다고 20일 밝혔다.이번 사업은 수도권을 제외한 지역의 테크노파크를 대상으로 하며 과제당 최대 15원 이내, 최대 18개월간 지원된다. 신규 장비 구축 및 기존 장비의 기능 고도화를 통해 지역 기업의 기술경쟁력과 제품 신뢰도를 강화하는 것이 목표다.전북자치도와 전북테크노파크는 이번 공모에서 ‘비파괴 3D 융합기술을 활용한 품질검사 장비 고도화 구축사업’이 최종 선정돼 총사업비 22억 6000만원을 확보했다.도는 사전 수요조사를 통해 중소·중견기업들이 공동으로 활용 가능한 ‘600kV 중대형 3D 엑스선 스캐너’ 도입을 결정했다.해당 장비는 중대형 제품과 부품의 정밀검사를 가능케 해 도내 기업들의 품질 고도화와 제품 신뢰성 확보에 크게 기여할 전망이다.전북테크노파크는 신규 도입 장비와 기존 엑스선 3D스캐너 장비들과 연계해 소형부터 중대형까지 아우르는 기업수요 맞춤형 품질검사 지원 및 디지털 3D 융합기술 연계 전주기 One-Stop 제품 품질 고도화 지원 체계를 구축할 예정이다.윤세영 전북자치도 바이오방위산업과장은 “이번 사업을 통해 도내 중소기업의 품질 경쟁력과 기술 신뢰도를 높이고 지역 주력 산업의 고도화를 이끌 수 있는 기반을 마련하겠다.”고 말했다.','전북, 중기부 ‘테크노파크 생산장비 고도화 지원사업’ 2년 연속 선정','https://www.newscj.com/news/articleView.html?idxno=3272104',60,'\"테크노파크의 생산장비 고도화 지원사업이 지역 중소기업의 경쟁력을 강화하고, 산업 발전에 어떠한 영향을 미칠 것으로 예상되는지에 대해 자세히 설명해주실 수 있을까요?\"',NULL,120,'WORLD',5),(89,NULL,NULL,'2025-05-21 14:33:16.284691','산업통상자원부가 20일 서울 구로 엘컨벤션에서 산단 입주기업과 인공지능(AI)·로봇 기업 등 관계자 100여명이 참석한 가운데 ‘산업단지 AX 카라반’ 출범식을 개최했다고 밝혔다.AX 카라반은 AI·로봇 솔루션 보유 기업이 산단을 직접 찾아가 기술 세미나, 현장 컨설팅, 기업 맞춤형 상담 등을 제공하는 현장 중심 프로그램이다.AX 카라반에는 원프레딕트, 마키나락스, 인이지, 인터엑스, 티쓰리큐 등 AI전문기업 20개사가 참여한다. 이들은 제조 특화 소형언어모델(sLLM), 생산관리 최적화, 설비진단, 품질검사 등 자체 개발한 AI솔','‘산단 AX 카라반’ 출범식...AI·로봇 전문기업 20개사 참여','https://www.itbiznews.com/news/articleView.html?idxno=169293',1,'\"산업단지 AX 카라반이 제공하는 AI와 로봇 솔루션은 어떤 방식으로 기업의 효율성 향상 및 혁신에 기여할 수 있을까요?\"',NULL,2,'TECHNOLOGY',4),(90,NULL,NULL,'2025-05-21 14:33:54.369804','[서울=뉴시스]장가린 인턴 기자 = 경기도 시흥시 SPC 계열사 제빵공장에서 일하던 노동자가 또 다시 숨지는 사고가 발생하면서 \'SPC 불매 운동\'이 다시 확산하고 있다.20일 각종 소셜미디어에는 SPC 계열사들의 브랜드명이 적힌 \'불매 리스트\'가 공유됐다.또한 과거 전국민주노동조합총연맹이 제작한 \'노동자의 피 묻은 빵, 먹지 않겠습니다\'는 제목의 웹자보도 다시 회자되고 있다.해당 웹자보는 지난 2022년 SPC 계열사인 평택 SPL 공장에서 20대 여성 노동자가 소스 기계에 끼여 숨진 사건을 계기로 제작된 것이다.누리꾼들은 \"사람이 죽는 게 몇 번째냐, 진짜. 소름 돋아서 절대 안 사 먹음\" \"먹방 유튜버들도 SPC 없는 먹방 해주면 좋겠다\" \"여태 계속 불매해 왔는데, 3년 동안 바뀐 게 하나도 없다\" \"SPC 음식은 못 먹겠다\" 등의 반응을 보였다.지난 19일 엑스(X·옛 트위터)에는 \"50대 여자 근로자가 기계에 몸이 끼여서 두개골 파열되고 사망하셨다는데 크보빵을 꼭 드셔야겠는지 모르겠습니다\"는 글이 게재되기도 했다.해당 게시글은 20일 기준 조회수 260만 회를 기록하며 화제가 됐다.크보빵은 지난 3월 SPC삼립과 한국야구위원회(KBO)가 협업해 출시한 제품으로, 선수들 스티커인 \'띠부씰\'이 들어 있어 큰 인기를 끌었다.출시 41일 만에 누적 판매량 1000만 개를 달성하며 SPC삼립 역사상 최단기간 기록을 세운 제품이기도 하다.한 누리꾼은 \"그깟 띠부씰이 뭐라고. 아무리 갖고 싶은 굿즈가 들어간 빵이라도 사람이 죽어서 만들어지는 빵이라면 사 먹고 싶지 않을 것 같다\"고 적었다.앞서 지난 19일 오전 3시께 경기도 시흥시 소재 SPC삼립 시화 공장에서는 50대 여성 근로자 A씨가 컨베이어벨트에 끼어 숨지는 사고가 발생했다.A씨는 뜨거운 빵을 식히는 작업이 이뤄지는 컨베이어벨트에 윤활유를 뿌리는 작업을 하던 중 기계에 상반신이 끼이는 사고를 당한 것으로 알려졌다.SPC 계열사에서는 지난 3년여간 총 3건의 사망 사고와 5건의 부상 사고가 발생했다.2022년 10월엔 SPC 계열사 SPL 평택공장에서 20대 여성 근로자가 소스 교반기에 끼여 숨졌고, 이후 해당 공장에서만 2023년엔 2건, 올해 1건의 부상 사고가 발생했다.같은 계열사인 경기도 성남 샤니 제빵공장에서도 2022년 10월 근로자가 컨베이어벨트에 손가락이 끼여 절단됐고, 이듬해 7월엔 한 근로자가 손가락 골절상을 입었다. 같은해 8월에는 50대 여성 근로자가 기계에 끼여 사망하는 사고도 있었다.◎공감언론 뉴시스 wkdrkfls@newsis.com','\"피 묻은 빵 먹지 않겠습니다\"...SPC 불매 다시 \'활활\'','https://www.newsis.com/view/NISX20250520_0003182827',1,'\"테크놀로지가 직장에서의 안전을 향상시키는 방향으로 발전하고 있지만, 이와 같은 사고가 여전히 발생하고 있다는 것에 대해 어떻게 생각하시나요?\"',NULL,2,'TECHNOLOGY',4),(91,NULL,NULL,'2025-05-21 14:34:13.935222','산업통상자원부가 20일 서울 구로 엘컨벤션에서 산단 입주기업과 인공지능(AI)·로봇 기업 등 관계자 100여명이 참석한 가운데 ‘산업단지 AX 카라반’ 출범식을 개최했다고 밝혔다.AX 카라반은 AI·로봇 솔루션 보유 기업이 산단을 직접 찾아가 기술 세미나, 현장 컨설팅, 기업 맞춤형 상담 등을 제공하는 현장 중심 프로그램이다.AX 카라반에는 원프레딕트, 마키나락스, 인이지, 인터엑스, 티쓰리큐 등 AI전문기업 20개사가 참여한다. 이들은 제조 특화 소형언어모델(sLLM), 생산관리 최적화, 설비진단, 품질검사 등 자체 개발한 AI솔','‘산단 AX 카라반’ 출범식...AI·로봇 전문기업 20개사 참여','https://www.itbiznews.com/news/articleView.html?idxno=169293',60,'\'산업단지 AX 카라반\'이 제공하는 AI 및 로봇 솔루션을 활용하면서 발생할 수 있는 사회·윤리적 문제에 대해 어떻게 대비하고 계획하고 있나요?',NULL,120,'TECHNOLOGY',4),(105,'피드백: 먼저, 발표에 참여해주셔서 감사드립니다. 다만, 발표 내용이 주제와는 거리가 멀어, 청중이 당황할 수 있습니다. 질문에 대한 답변이 아닌 다른 주제에 대해 이야기하셨네요. 질문에 직접적으로 답하려는 노력이 필요합니다. 발표를 준비할 때는 질문의 의도를 정확히 파악하고, 그에 따라 구체적이고 명확한 답변을 준비해보세요. 또한, 말씀하시는 내용 간의 연결이 자연스럽지 않아 청중이 이해하기 어려울 수 있습니다. 이야기의 흐름을 잘 짜고, 그에 맞게 발표를 구성해보세요. 화이팅입니다!','제목: 관광 프로그램의 영향에 대한 발표 개선 필요','2025-05-21 14:37:05.304748','[천지일보=최치선 여행전문기자] 충남도 태안군이 태안해안국립공원과 함께 오는 6월 1일부터 \'태안 해변길 스탬프 투어\'를 시작한다. 이 체험형 관광 프로그램은 태안의 대표 해안 탐방로 6곳을 순회하며 인증샷을 찍고 SNS에 게시하면 기념품을 받을 수 있는 방식으로, 자연을 즐기며 참여할 수 있는 새로운 관광 콘텐츠로 주목받고 있다.태안 해안 해변길 스탬프 투어(태안 해안 해변길 스탬프 투어[국립공원공단 홈페이지 화면 캡처)c천지일보 2025.05.21.참여자는 학암포 전망대, 백리포 전망대, 태안유류피해극복기념관, 대하랑꽃게랑 다리, 두여 전망대, 방포 전망대 등 6곳을 방문해 인증사진을 찍은 뒤 페이스북이나 블로그 등 SNS에 해시태그(#국립공원 #태안해안체험학습관 #2025년태안방문의해)를 달아서 게시하면 된다.모든 지점을 인증한 참여자에게는 태안해안국립공원 깃대종인 표범장지뱀을 모티브로 한 키링이나 인형이 기념품으로 제공된다. 기념품은 남면 몽산포길에 있는 태안해안 체험학습관에서 받을 수 있다.군과 국립공원 측은 해변길 주요 지점에 포토존과 이정표를 설치해 방문객들이 더욱 쉽고 즐겁게 투어를 즐길 수 있도록 한다는 방침이다.태안군 관계자는 \"태안의 자연을 알리고 방문객의 체험 만족도를 높이기 위해 이번 투어를 마련했다\"며 \"많은 분이 참여해 힐링 여행의 기쁨을 느끼길 바란다\"고 말했다.태안 해변길 스탬프 투어는 자연을 즐기며 참여할 수 있는 새로운 관광 콘텐츠로, 방문객들에게 특별한 추억을 선사할 것으로 기대된다.','해변 따라 인증샷 찍고 굿즈 받자! 태안 해변길 스탬프 투어 시작','https://www.newscj.com/news/articleView.html?idxno=3272095',60,'이러한 체험형 관광 프로그램이 지역 관광 산업에 미치는 영향이 어떤 것이라고 생각하시나요?','굿즈는 참 예쁘고, 너무 재밌고, 너무 좋고, 너무 예쁘고, 너무 좋고, 너무 예쁘고, 너무 좋고. 오란다는 참 맛있고, 오란다는 정말 맛있을 것 같고. 맛있는 수제 오란다를 먹을 수 있어요. 오리지널 애플 시나몬. 오, 그러니까. 어? 수제 오란다가 아직도 있었어? 응. 그때는 무슨 맛이었어? 그냥 오리지널. 나 이거 먹으면 입천장 까져서 엄마 아빠한테 오면 안 돼. 아, 나 언니 살렸으면 일어난 줄 알았어. 왜?',120,'ENTERTAINMENT',1),(106,'먼저, 어린이의 치료와 수술에 대한 중요성을 강조하고 이에 대한 법적 제도 마련의 필요성을 주장한 점은 매우 훌륭하였습니다. 하지만, 구체적인 제도 개선 방안이나 아이디어를 제시하지 못했다는 점에서 아쉬움이 있습니다. 또한, \"법적인 건 잘 모르지만 앞으로 더 공부하면 더 잘 말할 수 있을지 않을까 생각이 됩니다.\"라고 말하는 대신, 자신이 확실히 알지 못하는 부분은 모른다고 솔직하게 언급하고, 앞으로 공부해볼 것이라는 의지를 표현하면 더 신뢰감을 줄 수 있습니다. 다음 발표에서는 더 구체적인 내용과 자신감 있는 어조를 유지해주세요.','어린이 의료 시스템 개선과 향후 치료 접근법의 필요성 논의','2025-05-21 14:40:10.175542','[서울=뉴시스]김용중 인턴 기자 = 영국에서 맹장 제거 수술을 성공적으로 받았으나 몇 개월 뒤 장폐색과 패혈증 등 합병증이 나타나 결국 숨진 6살 여아에 대한 사연이 전해졌다.13일 (현지 시간) 영국 매체 더 미러에 따르면 영국 에식스주 할로우에 거주해 온 루비 트러슬러(6·여)는 지난해 3월 맹장 제거 수술 후 건강하게 퇴원했지만, 7개월 뒤 발생한 합병증으로 사망했다.맹장 수술 이후 처음 트러슬러가 복통을 호소했을 때 그녀의 엄마는 대수롭지 않게 여겼다. 하지만 이후 증세가 악화되면서 트러슬러는 응급실에 가게 됐다. 트러슬러는 병원에서 심한 탈수 증세를 보였고, 입에 녹색 거품을 물며 경련을 하기도 했다고 한다. 의사는 그녀가 맹장 수술 이후 복부유착증으로 인한 장폐색(장이 막혀 장의 내용물이 장을 통과하지 못하는 현상)을 앓고 있다고 진단했다.복부유착증은 수술 후 염증 반응으로 인접 조직이나 장기가 비정상적으로 연결되는 현상으로, 복부 통증, 소화 불량, 장폐색 등을 일으킬 수 있다. 트러슬러의 경우 맹장 제거 수술 이후 염증 반응으로 인해 장폐색이 발생한 것이라고 한다.트러슬러는 케임브리지 애든브룩스 병원으로 옮겨져 장폐색 제거 수술을 받았지만 수술 후 의식을 찾지 못했다.이후 왼쪽 다리로 가는 혈류가 막히고 패혈증(혈액에 세균이 침투해 장기 기능 장애를 일으키는 현상)까지 발견돼 왼쪽 다리를 절단하고 패혈증 수술까지 받았지만 상황은 크게 달라지지 않았다.두 차례의 수술 이후 트러슬러의 부모님은 그녀의 생명 유지 장치를 끄기로 결정했다.트러슬러의 엄마는 \"모든 방법을 다 시도했지만 우린 더 이상 아이에게 이런 짓을 할 수 없다고 생각했다\"면서 \"내가 한 결정 중 가장 힘든 결정이었다. 트러슬러는 완벽한 딸이었고 항상 웃었다\"라고 말했다.◎공감언론 뉴시스 kyj2317@newsis.com','英서 맹장 수술 후 복통 호소한 6세 여야...끝내 사망','https://www.newsis.com/view/NISX20250520_0003182568',60,'\"이러한 비극적인 사건을 바탕으로, 복잡한 수술이나 치료를 받아야 하는 어린이들에 대한 의료 시스템 개선이나 향후 치료 접근법에 어떤 변화가 필요하다고 생각하시나요?\"','일단 어린아이들은 이러한 치료나 수술에 대해서 샤워경과 같은 걸 찾기가 어려움으로 어린아이들은 더 특별히 신경 써야 하다고 생각합니다. 그리고 또한 의료적으로도 어린이들의 이러한 수술 후유증 같은 것도 관리를 잘 할 수 있게 법적 제도를 마련해야 하다고 생각합니다. 제가 법적인 건 잘 모르지만 앞으로 더 공부하면 더 잘 말할 수 있을지 않을까 생각이 됩니다.',120,'WORLD',3);
/*!40000 ALTER TABLE `random_speeches` ENABLE KEYS */;
UNLOCK TABLES;

--
-- Table structure for table `users`
--

DROP TABLE IF EXISTS `users`;
/*!40101 SET @saved_cs_client     = @@character_set_client */;
/*!50503 SET character_set_client = utf8mb4 */;
CREATE TABLE `users` (
  `id` int(11) NOT NULL AUTO_INCREMENT,
  `answer_time_limit` int(11) DEFAULT NULL,
  `has_audience` bit(1) NOT NULL,
  `has_qna` bit(1) NOT NULL,
  `kakao_id` bigint(20) DEFAULT NULL,
  `nickname` varchar(255) DEFAULT NULL,
  `question_count` int(11) DEFAULT NULL,
  PRIMARY KEY (`id`)
) ENGINE=InnoDB AUTO_INCREMENT=6 DEFAULT CHARSET=utf8mb4 COLLATE=utf8mb4_uca1400_ai_ci;
/*!40101 SET character_set_client = @saved_cs_client */;

--
-- Dumping data for table `users`
--

LOCK TABLES `users` WRITE;
/*!40000 ALTER TABLE `users` DISABLE KEYS */;
INSERT INTO `users` VALUES (1,30,_binary '',_binary '',4263422048,'신유영',1),(2,30,_binary '',_binary '',4260262553,'이승연',1),(3,60,_binary '',_binary '',4263323067,'강명주',1),(4,30,_binary '',_binary '',4262950603,'김예진',1),(5,30,_binary '',_binary '',4263453077,'김서현',1);
/*!40000 ALTER TABLE `users` ENABLE KEYS */;
UNLOCK TABLES;

--
-- Table structure for table `video_feedback_points`
--

DROP TABLE IF EXISTS `video_feedback_points`;
/*!40101 SET @saved_cs_client     = @@character_set_client */;
/*!50503 SET character_set_client = utf8mb4 */;
CREATE TABLE `video_feedback_points` (
  `video_feedback_point_id` int(11) NOT NULL AUTO_INCREMENT,
  `end_time` datetime(6) NOT NULL,
  `feedback_detail` enum('FAST','LOUD','MIDDLE','QUIET','SLOW') DEFAULT NULL,
  `start_time` datetime(6) NOT NULL,
  `type` enum('PAUSE','SPEED','VOLUME') NOT NULL,
  `final_report_id` int(11) NOT NULL,
  PRIMARY KEY (`video_feedback_point_id`)
) ENGINE=InnoDB AUTO_INCREMENT=658 DEFAULT CHARSET=utf8mb4 COLLATE=utf8mb4_uca1400_ai_ci;
/*!40101 SET character_set_client = @saved_cs_client */;

--
-- Dumping data for table `video_feedback_points`
--

LOCK TABLES `video_feedback_points` WRITE;
/*!40000 ALTER TABLE `video_feedback_points` DISABLE KEYS */;
INSERT INTO `video_feedback_points` VALUES (2,'2025-05-17 00:00:04.000000',NULL,'2025-05-17 00:00:03.000000','PAUSE',2),(6,'2025-05-17 00:00:19.000000',NULL,'2025-05-17 00:00:17.000000','PAUSE',2),(12,'2025-05-17 00:00:29.000000',NULL,'2025-05-17 00:00:27.000000','PAUSE',2),(16,'2025-05-17 00:00:40.000000',NULL,'2025-05-17 00:00:40.000000','PAUSE',2),(17,'2025-05-17 00:00:00.000000','SLOW','2025-05-17 00:00:00.000000','SPEED',3),(18,'2025-05-17 00:00:08.000000',NULL,'2025-05-17 00:00:02.000000','PAUSE',3),(19,'2025-05-17 00:00:09.000000',NULL,'2025-05-17 00:00:08.000000','PAUSE',3),(20,'2025-05-17 00:00:13.000000',NULL,'2025-05-17 00:00:10.000000','PAUSE',3),(21,'2025-05-17 00:00:16.000000',NULL,'2025-05-17 00:00:13.000000','PAUSE',3),(22,'2025-05-17 00:00:24.000000',NULL,'2025-05-17 00:00:17.000000','PAUSE',3),(23,'2025-05-17 00:00:24.000000',NULL,'2025-05-17 00:00:24.000000','PAUSE',3),(24,'2025-05-17 00:00:25.000000',NULL,'2025-05-17 00:00:24.000000','PAUSE',3),(25,'2025-05-17 00:00:00.000000','SLOW','2025-05-17 00:00:00.000000','SPEED',4),(26,'2025-05-17 00:00:01.000000',NULL,'2025-05-17 00:00:00.000000','PAUSE',4),(27,'2025-05-17 00:00:05.000000',NULL,'2025-05-17 00:00:02.000000','PAUSE',4),(28,'2025-05-17 00:00:06.000000',NULL,'2025-05-17 00:00:05.000000','PAUSE',4),(29,'2025-05-17 00:00:07.000000',NULL,'2025-05-17 00:00:06.000000','PAUSE',4),(30,'2025-05-17 00:00:11.000000',NULL,'2025-05-17 00:00:08.000000','PAUSE',4),(31,'2025-05-17 00:00:16.000000',NULL,'2025-05-17 00:00:12.000000','PAUSE',4),(32,'2025-05-17 00:00:26.000000',NULL,'2025-05-17 00:00:16.000000','PAUSE',4),(33,'2025-05-17 00:00:27.000000',NULL,'2025-05-17 00:00:26.000000','PAUSE',4),(34,'2025-05-17 00:00:30.000000',NULL,'2025-05-17 00:00:28.000000','PAUSE',4),(35,'2025-05-17 00:00:35.000000',NULL,'2025-05-17 00:00:31.000000','PAUSE',4),(36,'2025-05-17 00:00:36.000000',NULL,'2025-05-17 00:00:35.000000','PAUSE',4),(37,'2025-05-17 00:00:39.000000',NULL,'2025-05-17 00:00:37.000000','PAUSE',4),(38,'2025-05-17 00:00:43.000000',NULL,'2025-05-17 00:00:40.000000','PAUSE',4),(39,'2025-05-17 00:00:45.000000',NULL,'2025-05-17 00:00:44.000000','PAUSE',4),(40,'2025-05-17 00:00:50.000000',NULL,'2025-05-17 00:00:46.000000','PAUSE',4),(41,'2025-05-17 00:00:51.000000',NULL,'2025-05-17 00:00:50.000000','PAUSE',4),(42,'2025-05-17 00:00:52.000000',NULL,'2025-05-17 00:00:51.000000','PAUSE',4),(43,'2025-05-17 00:00:54.000000',NULL,'2025-05-17 00:00:52.000000','PAUSE',4),(44,'2025-05-17 00:00:00.000000','SLOW','2025-05-17 00:00:00.000000','SPEED',6),(45,'2025-05-17 00:00:01.000000',NULL,'2025-05-17 00:00:00.000000','PAUSE',6),(46,'2025-05-17 00:00:04.000000',NULL,'2025-05-17 00:00:02.000000','PAUSE',6),(47,'2025-05-17 00:00:09.000000',NULL,'2025-05-17 00:00:08.000000','PAUSE',6),(48,'2025-05-17 00:00:02.000000',NULL,'2025-05-17 00:00:01.000000','PAUSE',7),(49,'2025-05-17 00:00:05.000000',NULL,'2025-05-17 00:00:04.000000','PAUSE',7),(50,'2025-05-17 00:00:07.000000',NULL,'2025-05-17 00:00:06.000000','PAUSE',7),(51,'2025-05-17 00:00:11.000000',NULL,'2025-05-17 00:00:10.000000','PAUSE',7),(52,'2025-05-17 00:00:13.000000',NULL,'2025-05-17 00:00:12.000000','PAUSE',7),(53,'2025-05-17 00:00:14.000000',NULL,'2025-05-17 00:00:14.000000','PAUSE',7),(54,'2025-05-17 00:00:16.000000',NULL,'2025-05-17 00:00:15.000000','PAUSE',7),(55,'2025-05-17 00:00:19.000000',NULL,'2025-05-17 00:00:18.000000','PAUSE',7),(56,'2025-05-17 00:00:21.000000',NULL,'2025-05-17 00:00:20.000000','PAUSE',7),(57,'2025-05-17 00:00:23.000000',NULL,'2025-05-17 00:00:22.000000','PAUSE',7),(58,'2025-05-17 00:00:25.000000',NULL,'2025-05-17 00:00:24.000000','PAUSE',7),(59,'2025-05-17 00:00:00.000000','SLOW','2025-05-17 00:00:00.000000','SPEED',8),(60,'2025-05-17 00:00:00.000000','SLOW','2025-05-17 00:00:00.000000','SPEED',9),(61,'2025-05-17 00:00:01.000000',NULL,'2025-05-17 00:00:00.000000','PAUSE',9),(62,'2025-05-17 00:00:02.000000',NULL,'2025-05-17 00:00:01.000000','PAUSE',9),(63,'2025-05-17 00:00:04.000000',NULL,'2025-05-17 00:00:03.000000','PAUSE',9),(64,'2025-05-17 00:00:07.000000',NULL,'2025-05-17 00:00:06.000000','PAUSE',9),(65,'2025-05-17 00:00:10.000000',NULL,'2025-05-17 00:00:09.000000','PAUSE',9),(66,'2025-05-17 00:00:21.000000',NULL,'2025-05-17 00:00:14.000000','PAUSE',9),(67,'2025-05-17 00:00:25.000000',NULL,'2025-05-17 00:00:21.000000','PAUSE',9),(68,'2025-05-17 00:00:29.000000',NULL,'2025-05-17 00:00:28.000000','PAUSE',9),(69,'2025-05-17 00:00:31.000000',NULL,'2025-05-17 00:00:30.000000','PAUSE',9),(70,'2025-05-17 00:00:01.000000',NULL,'2025-05-17 00:00:00.000000','PAUSE',10),(71,'2025-05-17 00:00:05.000000',NULL,'2025-05-17 00:00:01.000000','PAUSE',10),(72,'2025-05-17 00:00:07.000000',NULL,'2025-05-17 00:00:05.000000','PAUSE',10),(73,'2025-05-17 00:00:11.000000',NULL,'2025-05-17 00:00:10.000000','PAUSE',10),(74,'2025-05-17 00:00:15.000000',NULL,'2025-05-17 00:00:13.000000','PAUSE',10),(75,'2025-05-17 00:00:17.000000',NULL,'2025-05-17 00:00:16.000000','PAUSE',10),(76,'2025-05-17 00:00:20.000000',NULL,'2025-05-17 00:00:19.000000','PAUSE',10),(77,'2025-05-17 00:00:23.000000',NULL,'2025-05-17 00:00:22.000000','PAUSE',10),(78,'2025-05-17 00:00:23.000000',NULL,'2025-05-17 00:00:23.000000','PAUSE',10),(79,'2025-05-17 00:00:25.000000',NULL,'2025-05-17 00:00:23.000000','PAUSE',10),(80,'2025-05-17 00:00:28.000000',NULL,'2025-05-17 00:00:28.000000','PAUSE',10),(81,'2025-05-17 00:00:31.000000',NULL,'2025-05-17 00:00:30.000000','PAUSE',10),(82,'2025-05-17 00:00:35.000000',NULL,'2025-05-17 00:00:34.000000','PAUSE',10),(83,'2025-05-17 00:00:00.000000','SLOW','2025-05-17 00:00:00.000000','SPEED',13),(84,'2025-05-17 00:00:10.000000',NULL,'2025-05-17 00:00:09.000000','PAUSE',13),(85,'2025-05-17 00:00:11.000000',NULL,'2025-05-17 00:00:11.000000','PAUSE',13),(86,'2025-05-17 00:00:12.000000',NULL,'2025-05-17 00:00:12.000000','PAUSE',13),(87,'2025-05-17 00:00:16.000000',NULL,'2025-05-17 00:00:14.000000','PAUSE',13),(88,'2025-05-17 00:00:28.000000',NULL,'2025-05-17 00:00:21.000000','PAUSE',13),(89,'2025-05-17 00:00:00.000000','SLOW','2025-05-17 00:00:00.000000','SPEED',16),(90,'2025-05-17 00:00:11.000000',NULL,'2025-05-17 00:00:05.000000','PAUSE',16),(91,'2025-05-17 00:00:00.000000','SLOW','2025-05-17 00:00:00.000000','SPEED',18),(92,'2025-05-17 00:00:07.000000',NULL,'2025-05-17 00:00:05.000000','PAUSE',18),(93,'2025-05-17 00:00:09.000000',NULL,'2025-05-17 00:00:07.000000','PAUSE',18),(94,'2025-05-17 00:00:10.000000',NULL,'2025-05-17 00:00:09.000000','PAUSE',18),(95,'2025-05-17 00:00:13.000000',NULL,'2025-05-17 00:00:12.000000','PAUSE',18),(96,'2025-05-17 00:00:15.000000',NULL,'2025-05-17 00:00:13.000000','PAUSE',18),(97,'2025-05-17 00:00:18.000000',NULL,'2025-05-17 00:00:16.000000','PAUSE',18),(98,'2025-05-17 00:00:19.000000',NULL,'2025-05-17 00:00:19.000000','PAUSE',18),(99,'2025-05-17 00:00:00.000000','SLOW','2025-05-17 00:00:00.000000','SPEED',19),(100,'2025-05-17 00:00:14.000000',NULL,'2025-05-17 00:00:08.000000','PAUSE',19),(101,'2025-05-17 00:00:20.000000',NULL,'2025-05-17 00:00:14.000000','PAUSE',19),(102,'2025-05-17 00:00:23.000000',NULL,'2025-05-17 00:00:20.000000','PAUSE',19),(103,'2025-05-17 00:00:26.000000',NULL,'2025-05-17 00:00:25.000000','PAUSE',19),(104,'2025-05-17 00:00:29.000000',NULL,'2025-05-17 00:00:27.000000','PAUSE',19),(105,'2025-05-17 00:00:00.000000','SLOW','2025-05-17 00:00:00.000000','SPEED',20),(106,'2025-05-17 00:00:01.000000',NULL,'2025-05-17 00:00:01.000000','PAUSE',20),(107,'2025-05-17 00:00:05.000000',NULL,'2025-05-17 00:00:04.000000','PAUSE',20),(108,'2025-05-17 00:00:06.000000',NULL,'2025-05-17 00:00:05.000000','PAUSE',20),(109,'2025-05-17 00:00:07.000000',NULL,'2025-05-17 00:00:06.000000','PAUSE',20),(110,'2025-05-17 00:00:08.000000',NULL,'2025-05-17 00:00:07.000000','PAUSE',20),(111,'2025-05-17 00:00:11.000000',NULL,'2025-05-17 00:00:11.000000','PAUSE',20),(112,'2025-05-17 00:00:14.000000',NULL,'2025-05-17 00:00:11.000000','PAUSE',20),(113,'2025-05-17 00:00:15.000000',NULL,'2025-05-17 00:00:14.000000','PAUSE',20),(114,'2025-05-17 00:00:19.000000',NULL,'2025-05-17 00:00:17.000000','PAUSE',20),(115,'2025-05-17 00:00:25.000000',NULL,'2025-05-17 00:00:19.000000','PAUSE',20),(116,'2025-05-17 00:00:00.000000','SLOW','2025-05-17 00:00:00.000000','SPEED',22),(117,'2025-05-17 00:00:04.000000',NULL,'2025-05-17 00:00:03.000000','PAUSE',22),(118,'2025-05-17 00:00:05.000000',NULL,'2025-05-17 00:00:04.000000','PAUSE',22),(119,'2025-05-17 00:00:07.000000',NULL,'2025-05-17 00:00:06.000000','PAUSE',22),(120,'2025-05-17 00:00:10.000000',NULL,'2025-05-17 00:00:09.000000','PAUSE',22),(121,'2025-05-17 00:00:12.000000',NULL,'2025-05-17 00:00:11.000000','PAUSE',22),(122,'2025-05-17 00:00:14.000000',NULL,'2025-05-17 00:00:13.000000','PAUSE',22),(123,'2025-05-17 00:00:17.000000',NULL,'2025-05-17 00:00:16.000000','PAUSE',22),(124,'2025-05-17 00:00:20.000000',NULL,'2025-05-17 00:00:17.000000','PAUSE',22),(125,'2025-05-17 00:00:23.000000',NULL,'2025-05-17 00:00:21.000000','PAUSE',22),(126,'2025-05-17 00:00:26.000000',NULL,'2025-05-17 00:00:25.000000','PAUSE',22),(127,'2025-05-17 00:00:00.000000','SLOW','2025-05-17 00:00:00.000000','SPEED',23),(128,'2025-05-17 00:00:04.000000',NULL,'2025-05-17 00:00:02.000000','PAUSE',23),(129,'2025-05-17 00:00:06.000000',NULL,'2025-05-17 00:00:05.000000','PAUSE',23),(130,'2025-05-17 00:00:08.000000',NULL,'2025-05-17 00:00:06.000000','PAUSE',23),(131,'2025-05-17 00:00:12.000000',NULL,'2025-05-17 00:00:10.000000','PAUSE',23),(132,'2025-05-17 00:00:14.000000',NULL,'2025-05-17 00:00:13.000000','PAUSE',23),(133,'2025-05-17 00:00:16.000000',NULL,'2025-05-17 00:00:15.000000','PAUSE',23),(134,'2025-05-17 00:00:00.000000','SLOW','2025-05-17 00:00:00.000000','SPEED',24),(135,'2025-05-17 00:00:03.000000',NULL,'2025-05-17 00:00:02.000000','PAUSE',24),(136,'2025-05-17 00:00:04.000000',NULL,'2025-05-17 00:00:03.000000','PAUSE',24),(137,'2025-05-17 00:00:05.000000',NULL,'2025-05-17 00:00:05.000000','PAUSE',24),(138,'2025-05-17 00:00:07.000000',NULL,'2025-05-17 00:00:06.000000','PAUSE',24),(139,'2025-05-17 00:00:08.000000',NULL,'2025-05-17 00:00:07.000000','PAUSE',24),(140,'2025-05-17 00:00:12.000000',NULL,'2025-05-17 00:00:10.000000','PAUSE',24),(141,'2025-05-17 00:00:14.000000',NULL,'2025-05-17 00:00:13.000000','PAUSE',24),(142,'2025-05-17 00:00:17.000000',NULL,'2025-05-17 00:00:16.000000','PAUSE',24),(143,'2025-05-17 00:00:21.000000',NULL,'2025-05-17 00:00:19.000000','PAUSE',24),(144,'2025-05-17 00:00:22.000000',NULL,'2025-05-17 00:00:21.000000','PAUSE',24),(145,'2025-05-17 00:00:23.000000',NULL,'2025-05-17 00:00:22.000000','PAUSE',24),(146,'2025-05-17 00:00:28.000000',NULL,'2025-05-17 00:00:23.000000','PAUSE',24),(147,'2025-05-17 00:00:29.000000',NULL,'2025-05-17 00:00:28.000000','PAUSE',24),(148,'2025-05-17 00:00:29.000000',NULL,'2025-05-17 00:00:29.000000','PAUSE',24),(149,'2025-05-17 00:00:01.000000',NULL,'2025-05-17 00:00:00.000000','PAUSE',25),(150,'2025-05-17 00:00:06.000000',NULL,'2025-05-17 00:00:04.000000','PAUSE',25),(151,'2025-05-17 00:00:11.000000',NULL,'2025-05-17 00:00:11.000000','PAUSE',25),(152,'2025-05-17 00:00:14.000000',NULL,'2025-05-17 00:00:13.000000','PAUSE',25),(153,'2025-05-17 00:00:22.000000',NULL,'2025-05-17 00:00:20.000000','PAUSE',25),(154,'2025-05-17 00:00:23.000000',NULL,'2025-05-17 00:00:22.000000','PAUSE',25),(155,'2025-05-17 00:00:25.000000',NULL,'2025-05-17 00:00:24.000000','PAUSE',25),(156,'2025-05-17 00:00:26.000000',NULL,'2025-05-17 00:00:26.000000','PAUSE',25),(157,'2025-05-17 00:00:29.000000',NULL,'2025-05-17 00:00:28.000000','PAUSE',25),(158,'2025-05-17 00:00:31.000000',NULL,'2025-05-17 00:00:29.000000','PAUSE',25),(159,'2025-05-17 00:00:01.000000',NULL,'2025-05-17 00:00:00.000000','PAUSE',27),(160,'2025-05-17 00:00:05.000000',NULL,'2025-05-17 00:00:04.000000','PAUSE',27),(161,'2025-05-17 00:00:12.000000',NULL,'2025-05-17 00:00:11.000000','PAUSE',27),(162,'2025-05-17 00:00:16.000000',NULL,'2025-05-17 00:00:16.000000','PAUSE',27),(163,'2025-05-17 00:00:20.000000',NULL,'2025-05-17 00:00:19.000000','PAUSE',27),(164,'2025-05-17 00:00:22.000000',NULL,'2025-05-17 00:00:21.000000','PAUSE',27),(165,'2025-05-17 00:00:22.000000',NULL,'2025-05-17 00:00:22.000000','PAUSE',27),(166,'2025-05-17 00:00:24.000000',NULL,'2025-05-17 00:00:23.000000','PAUSE',27),(167,'2025-05-17 00:00:26.000000',NULL,'2025-05-17 00:00:25.000000','PAUSE',27),(168,'2025-05-17 00:00:27.000000',NULL,'2025-05-17 00:00:26.000000','PAUSE',27),(169,'2025-05-17 00:00:28.000000',NULL,'2025-05-17 00:00:27.000000','PAUSE',27),(170,'2025-05-17 00:00:01.000000',NULL,'2025-05-17 00:00:00.000000','PAUSE',28),(171,'2025-05-17 00:00:05.000000',NULL,'2025-05-17 00:00:04.000000','PAUSE',28),(172,'2025-05-17 00:00:11.000000',NULL,'2025-05-17 00:00:10.000000','PAUSE',28),(173,'2025-05-17 00:00:13.000000',NULL,'2025-05-17 00:00:12.000000','PAUSE',28),(174,'2025-05-17 00:00:17.000000',NULL,'2025-05-17 00:00:16.000000','PAUSE',28),(175,'2025-05-17 00:00:21.000000',NULL,'2025-05-17 00:00:20.000000','PAUSE',28),(176,'2025-05-17 00:00:22.000000',NULL,'2025-05-17 00:00:22.000000','PAUSE',28),(177,'2025-05-17 00:00:23.000000',NULL,'2025-05-17 00:00:22.000000','PAUSE',28),(178,'2025-05-17 00:00:24.000000',NULL,'2025-05-17 00:00:23.000000','PAUSE',28),(179,'2025-05-17 00:00:27.000000',NULL,'2025-05-17 00:00:27.000000','PAUSE',28),(180,'2025-05-17 00:00:29.000000',NULL,'2025-05-17 00:00:28.000000','PAUSE',28),(181,'2025-05-17 00:00:00.000000','SLOW','2025-05-17 00:00:00.000000','SPEED',30),(182,'2025-05-17 00:00:13.000000',NULL,'2025-05-17 00:00:10.000000','PAUSE',30),(183,'2025-05-17 00:00:16.000000',NULL,'2025-05-17 00:00:13.000000','PAUSE',30),(184,'2025-05-17 00:00:17.000000',NULL,'2025-05-17 00:00:16.000000','PAUSE',30),(185,'2025-05-17 00:00:00.000000','SLOW','2025-05-17 00:00:00.000000','SPEED',32),(186,'2025-05-17 00:00:02.000000',NULL,'2025-05-17 00:00:01.000000','PAUSE',32),(187,'2025-05-17 00:00:04.000000',NULL,'2025-05-17 00:00:03.000000','PAUSE',32),(188,'2025-05-17 00:00:07.000000',NULL,'2025-05-17 00:00:06.000000','PAUSE',32),(189,'2025-05-17 00:00:09.000000',NULL,'2025-05-17 00:00:07.000000','PAUSE',32),(190,'2025-05-17 00:00:11.000000',NULL,'2025-05-17 00:00:10.000000','PAUSE',32),(191,'2025-05-17 00:00:14.000000',NULL,'2025-05-17 00:00:11.000000','PAUSE',32),(192,'2025-05-17 00:00:15.000000',NULL,'2025-05-17 00:00:14.000000','PAUSE',32),(193,'2025-05-17 00:00:19.000000',NULL,'2025-05-17 00:00:17.000000','PAUSE',32),(194,'2025-05-17 00:00:22.000000',NULL,'2025-05-17 00:00:19.000000','PAUSE',32),(195,'2025-05-17 00:00:25.000000',NULL,'2025-05-17 00:00:22.000000','PAUSE',32),(196,'2025-05-17 00:00:31.000000',NULL,'2025-05-17 00:00:26.000000','PAUSE',32),(197,'2025-05-17 00:00:35.000000',NULL,'2025-05-17 00:00:31.000000','PAUSE',32),(198,'2025-05-17 00:00:36.000000',NULL,'2025-05-17 00:00:35.000000','PAUSE',32),(199,'2025-05-17 00:00:37.000000',NULL,'2025-05-17 00:00:36.000000','PAUSE',32),(200,'2025-05-17 00:00:39.000000',NULL,'2025-05-17 00:00:38.000000','PAUSE',32),(201,'2025-05-17 00:00:40.000000',NULL,'2025-05-17 00:00:39.000000','PAUSE',32),(202,'2025-05-17 00:00:42.000000',NULL,'2025-05-17 00:00:41.000000','PAUSE',32),(203,'2025-05-17 00:00:00.000000','SLOW','2025-05-17 00:00:00.000000','SPEED',34),(204,'2025-05-17 00:00:04.000000',NULL,'2025-05-17 00:00:01.000000','PAUSE',34),(205,'2025-05-17 00:00:07.000000',NULL,'2025-05-17 00:00:04.000000','PAUSE',34),(206,'2025-05-17 00:00:09.000000',NULL,'2025-05-17 00:00:08.000000','PAUSE',34),(207,'2025-05-17 00:00:10.000000',NULL,'2025-05-17 00:00:09.000000','PAUSE',34),(208,'2025-05-17 00:00:14.000000',NULL,'2025-05-17 00:00:12.000000','PAUSE',34),(209,'2025-05-17 00:00:17.000000',NULL,'2025-05-17 00:00:15.000000','PAUSE',34),(210,'2025-05-17 00:00:19.000000',NULL,'2025-05-17 00:00:17.000000','PAUSE',34),(211,'2025-05-17 00:00:20.000000',NULL,'2025-05-17 00:00:19.000000','PAUSE',34),(212,'2025-05-17 00:00:22.000000',NULL,'2025-05-17 00:00:21.000000','PAUSE',34),(213,'2025-05-17 00:00:24.000000',NULL,'2025-05-17 00:00:23.000000','PAUSE',34),(214,'2025-05-17 00:00:26.000000',NULL,'2025-05-17 00:00:25.000000','PAUSE',34),(215,'2025-05-17 00:00:29.000000',NULL,'2025-05-17 00:00:27.000000','PAUSE',34),(216,'2025-05-17 00:00:09.000000',NULL,'2025-05-17 00:00:06.000000','PAUSE',37),(217,'2025-05-17 00:00:10.000000',NULL,'2025-05-17 00:00:10.000000','PAUSE',37),(218,'2025-05-17 00:00:13.000000',NULL,'2025-05-17 00:00:11.000000','PAUSE',37),(219,'2025-05-17 00:00:14.000000',NULL,'2025-05-17 00:00:13.000000','PAUSE',37),(220,'2025-05-17 00:00:15.000000',NULL,'2025-05-17 00:00:14.000000','PAUSE',37),(221,'2025-05-17 00:00:17.000000',NULL,'2025-05-17 00:00:16.000000','PAUSE',37),(222,'2025-05-17 00:00:19.000000',NULL,'2025-05-17 00:00:18.000000','PAUSE',37),(223,'2025-05-17 00:00:20.000000',NULL,'2025-05-17 00:00:19.000000','PAUSE',37),(224,'2025-05-17 00:00:23.000000',NULL,'2025-05-17 00:00:21.000000','PAUSE',37),(225,'2025-05-17 00:00:24.000000',NULL,'2025-05-17 00:00:23.000000','PAUSE',37),(226,'2025-05-17 00:00:01.000000',NULL,'2025-05-17 00:00:00.000000','PAUSE',36),(227,'2025-05-17 00:00:02.000000',NULL,'2025-05-17 00:00:01.000000','PAUSE',36),(228,'2025-05-17 00:00:07.000000',NULL,'2025-05-17 00:00:06.000000','PAUSE',36),(229,'2025-05-17 00:00:13.000000',NULL,'2025-05-17 00:00:13.000000','PAUSE',36),(230,'2025-05-17 00:00:18.000000',NULL,'2025-05-17 00:00:16.000000','PAUSE',36),(231,'2025-05-17 00:00:20.000000',NULL,'2025-05-17 00:00:19.000000','PAUSE',36),(232,'2025-05-17 00:00:21.000000',NULL,'2025-05-17 00:00:21.000000','PAUSE',36),(233,'2025-05-17 00:00:24.000000',NULL,'2025-05-17 00:00:23.000000','PAUSE',36),(234,'2025-05-17 00:00:25.000000',NULL,'2025-05-17 00:00:25.000000','PAUSE',36),(235,'2025-05-17 00:00:03.000000',NULL,'2025-05-17 00:00:01.000000','PAUSE',38),(236,'2025-05-17 00:00:05.000000',NULL,'2025-05-17 00:00:04.000000','PAUSE',38),(237,'2025-05-17 00:00:09.000000',NULL,'2025-05-17 00:00:06.000000','PAUSE',38),(238,'2025-05-17 00:00:12.000000',NULL,'2025-05-17 00:00:11.000000','PAUSE',38),(239,'2025-05-17 00:00:15.000000',NULL,'2025-05-17 00:00:14.000000','PAUSE',38),(240,'2025-05-17 00:00:19.000000',NULL,'2025-05-17 00:00:18.000000','PAUSE',38),(241,'2025-05-17 00:00:21.000000',NULL,'2025-05-17 00:00:20.000000','PAUSE',38),(242,'2025-05-17 00:00:24.000000',NULL,'2025-05-17 00:00:24.000000','PAUSE',38),(243,'2025-05-17 00:00:25.000000',NULL,'2025-05-17 00:00:24.000000','PAUSE',38),(244,'2025-05-17 00:00:29.000000',NULL,'2025-05-17 00:00:28.000000','PAUSE',38),(245,'2025-05-17 00:00:03.000000',NULL,'2025-05-17 00:00:02.000000','PAUSE',39),(246,'2025-05-17 00:00:06.000000',NULL,'2025-05-17 00:00:04.000000','PAUSE',39),(247,'2025-05-17 00:00:09.000000',NULL,'2025-05-17 00:00:08.000000','PAUSE',39),(248,'2025-05-17 00:00:12.000000',NULL,'2025-05-17 00:00:11.000000','PAUSE',39),(249,'2025-05-17 00:00:16.000000',NULL,'2025-05-17 00:00:14.000000','PAUSE',39),(250,'2025-05-17 00:00:18.000000',NULL,'2025-05-17 00:00:17.000000','PAUSE',39),(251,'2025-05-17 00:00:20.000000',NULL,'2025-05-17 00:00:19.000000','PAUSE',39),(252,'2025-05-17 00:00:21.000000',NULL,'2025-05-17 00:00:21.000000','PAUSE',39),(253,'2025-05-17 00:00:22.000000',NULL,'2025-05-17 00:00:21.000000','PAUSE',39),(254,'2025-05-17 00:00:24.000000',NULL,'2025-05-17 00:00:23.000000','PAUSE',39),(255,'2025-05-17 00:00:26.000000',NULL,'2025-05-17 00:00:25.000000','PAUSE',39),(256,'2025-05-17 00:00:28.000000',NULL,'2025-05-17 00:00:26.000000','PAUSE',39),(257,'2025-05-17 00:00:29.000000',NULL,'2025-05-17 00:00:28.000000','PAUSE',39),(258,'2025-05-17 00:00:01.000000',NULL,'2025-05-17 00:00:01.000000','PAUSE',40),(259,'2025-05-17 00:00:04.000000',NULL,'2025-05-17 00:00:03.000000','PAUSE',40),(260,'2025-05-17 00:00:06.000000',NULL,'2025-05-17 00:00:05.000000','PAUSE',40),(261,'2025-05-17 00:00:07.000000',NULL,'2025-05-17 00:00:06.000000','PAUSE',40),(262,'2025-05-17 00:00:09.000000',NULL,'2025-05-17 00:00:08.000000','PAUSE',40),(263,'2025-05-17 00:00:13.000000',NULL,'2025-05-17 00:00:10.000000','PAUSE',40),(264,'2025-05-17 00:00:15.000000',NULL,'2025-05-17 00:00:14.000000','PAUSE',40),(265,'2025-05-17 00:00:18.000000',NULL,'2025-05-17 00:00:15.000000','PAUSE',40),(266,'2025-05-17 00:00:21.000000',NULL,'2025-05-17 00:00:20.000000','PAUSE',40),(267,'2025-05-17 00:00:23.000000',NULL,'2025-05-17 00:00:22.000000','PAUSE',40),(268,'2025-05-17 00:00:28.000000',NULL,'2025-05-17 00:00:27.000000','PAUSE',40),(269,'2025-05-17 00:00:01.000000',NULL,'2025-05-17 00:00:00.000000','PAUSE',41),(270,'2025-05-17 00:00:05.000000',NULL,'2025-05-17 00:00:04.000000','PAUSE',41),(271,'2025-05-17 00:00:06.000000',NULL,'2025-05-17 00:00:05.000000','PAUSE',41),(272,'2025-05-17 00:00:13.000000',NULL,'2025-05-17 00:00:11.000000','PAUSE',41),(273,'2025-05-17 00:00:14.000000',NULL,'2025-05-17 00:00:14.000000','PAUSE',41),(274,'2025-05-17 00:00:15.000000',NULL,'2025-05-17 00:00:14.000000','PAUSE',41),(275,'2025-05-17 00:00:21.000000',NULL,'2025-05-17 00:00:20.000000','PAUSE',41),(276,'2025-05-17 00:00:24.000000',NULL,'2025-05-17 00:00:24.000000','PAUSE',41),(277,'2025-05-17 00:00:26.000000',NULL,'2025-05-17 00:00:25.000000','PAUSE',41),(278,'2025-05-17 00:00:27.000000',NULL,'2025-05-17 00:00:26.000000','PAUSE',41),(279,'2025-05-17 00:00:00.000000',NULL,'2025-05-17 00:00:00.000000','PAUSE',42),(280,'2025-05-17 00:00:02.000000',NULL,'2025-05-17 00:00:01.000000','PAUSE',42),(281,'2025-05-17 00:00:06.000000',NULL,'2025-05-17 00:00:05.000000','PAUSE',42),(282,'2025-05-17 00:00:07.000000',NULL,'2025-05-17 00:00:07.000000','PAUSE',42),(283,'2025-05-17 00:00:09.000000',NULL,'2025-05-17 00:00:08.000000','PAUSE',42),(284,'2025-05-17 00:00:12.000000',NULL,'2025-05-17 00:00:11.000000','PAUSE',42),(285,'2025-05-17 00:00:17.000000',NULL,'2025-05-17 00:00:17.000000','PAUSE',42),(286,'2025-05-17 00:00:19.000000',NULL,'2025-05-17 00:00:18.000000','PAUSE',42),(287,'2025-05-17 00:00:22.000000',NULL,'2025-05-17 00:00:19.000000','PAUSE',42),(288,'2025-05-17 00:00:26.000000',NULL,'2025-05-17 00:00:25.000000','PAUSE',42),(289,'2025-05-17 00:00:29.000000',NULL,'2025-05-17 00:00:28.000000','PAUSE',42),(290,'2025-05-17 00:00:29.000000',NULL,'2025-05-17 00:00:29.000000','PAUSE',42),(291,'2025-05-17 00:00:01.000000',NULL,'2025-05-17 00:00:00.000000','PAUSE',43),(292,'2025-05-17 00:00:02.000000',NULL,'2025-05-17 00:00:01.000000','PAUSE',43),(293,'2025-05-17 00:00:07.000000',NULL,'2025-05-17 00:00:06.000000','PAUSE',43),(294,'2025-05-17 00:00:13.000000',NULL,'2025-05-17 00:00:13.000000','PAUSE',43),(295,'2025-05-17 00:00:18.000000',NULL,'2025-05-17 00:00:16.000000','PAUSE',43),(296,'2025-05-17 00:00:20.000000',NULL,'2025-05-17 00:00:19.000000','PAUSE',43),(297,'2025-05-17 00:00:21.000000',NULL,'2025-05-17 00:00:21.000000','PAUSE',43),(298,'2025-05-17 00:00:24.000000',NULL,'2025-05-17 00:00:23.000000','PAUSE',43),(299,'2025-05-17 00:00:25.000000',NULL,'2025-05-17 00:00:25.000000','PAUSE',43),(300,'2025-05-17 00:00:00.000000','SLOW','2025-05-17 00:00:00.000000','SPEED',44),(301,'2025-05-17 00:00:07.000000',NULL,'2025-05-17 00:00:06.000000','PAUSE',44),(302,'2025-05-17 00:00:08.000000',NULL,'2025-05-17 00:00:07.000000','PAUSE',44),(303,'2025-05-17 00:00:09.000000',NULL,'2025-05-17 00:00:08.000000','PAUSE',44),(304,'2025-05-17 00:00:12.000000',NULL,'2025-05-17 00:00:11.000000','PAUSE',44),(305,'2025-05-17 00:00:13.000000',NULL,'2025-05-17 00:00:12.000000','PAUSE',44),(306,'2025-05-17 00:00:16.000000',NULL,'2025-05-17 00:00:15.000000','PAUSE',44),(307,'2025-05-17 00:00:17.000000',NULL,'2025-05-17 00:00:16.000000','PAUSE',44),(308,'2025-05-17 00:00:21.000000',NULL,'2025-05-17 00:00:18.000000','PAUSE',44),(309,'2025-05-17 00:00:24.000000',NULL,'2025-05-17 00:00:21.000000','PAUSE',44),(310,'2025-05-17 00:00:25.000000',NULL,'2025-05-17 00:00:24.000000','PAUSE',44),(311,'2025-05-17 00:00:26.000000',NULL,'2025-05-17 00:00:25.000000','PAUSE',44),(312,'2025-05-17 00:00:28.000000',NULL,'2025-05-17 00:00:27.000000','PAUSE',44),(313,'2025-05-17 00:00:00.000000','SLOW','2025-05-17 00:00:00.000000','SPEED',45),(314,'2025-05-17 00:00:02.000000',NULL,'2025-05-17 00:00:00.000000','PAUSE',45),(315,'2025-05-17 00:00:03.000000',NULL,'2025-05-17 00:00:02.000000','PAUSE',45),(316,'2025-05-17 00:00:05.000000',NULL,'2025-05-17 00:00:03.000000','PAUSE',45),(317,'2025-05-17 00:00:07.000000',NULL,'2025-05-17 00:00:06.000000','PAUSE',45),(318,'2025-05-17 00:00:08.000000',NULL,'2025-05-17 00:00:08.000000','PAUSE',45),(319,'2025-05-17 00:00:09.000000',NULL,'2025-05-17 00:00:08.000000','PAUSE',45),(320,'2025-05-17 00:00:12.000000',NULL,'2025-05-17 00:00:11.000000','PAUSE',45),(321,'2025-05-17 00:00:13.000000',NULL,'2025-05-17 00:00:13.000000','PAUSE',45),(322,'2025-05-17 00:00:17.000000',NULL,'2025-05-17 00:00:15.000000','PAUSE',45),(323,'2025-05-17 00:00:21.000000',NULL,'2025-05-17 00:00:19.000000','PAUSE',45),(324,'2025-05-17 00:00:25.000000',NULL,'2025-05-17 00:00:22.000000','PAUSE',45),(325,'2025-05-17 00:00:25.000000',NULL,'2025-05-17 00:00:25.000000','PAUSE',45),(326,'2025-05-17 00:00:30.000000',NULL,'2025-05-17 00:00:26.000000','PAUSE',45),(327,'2025-05-17 00:00:00.000000','SLOW','2025-05-17 00:00:00.000000','SPEED',46),(328,'2025-05-17 00:00:02.000000',NULL,'2025-05-17 00:00:00.000000','PAUSE',46),(329,'2025-05-17 00:00:03.000000',NULL,'2025-05-17 00:00:02.000000','PAUSE',46),(330,'2025-05-17 00:00:04.000000',NULL,'2025-05-17 00:00:04.000000','PAUSE',46),(331,'2025-05-17 00:00:08.000000',NULL,'2025-05-17 00:00:07.000000','PAUSE',46),(332,'2025-05-17 00:00:09.000000',NULL,'2025-05-17 00:00:08.000000','PAUSE',46),(333,'2025-05-17 00:00:11.000000',NULL,'2025-05-17 00:00:10.000000','PAUSE',46),(334,'2025-05-17 00:00:12.000000',NULL,'2025-05-17 00:00:11.000000','PAUSE',46),(335,'2025-05-17 00:00:19.000000',NULL,'2025-05-17 00:00:12.000000','PAUSE',46),(336,'2025-05-17 00:00:26.000000',NULL,'2025-05-17 00:00:21.000000','PAUSE',46),(337,'2025-05-17 00:00:28.000000',NULL,'2025-05-17 00:00:26.000000','PAUSE',46),(338,'2025-05-17 00:00:03.000000',NULL,'2025-05-17 00:00:02.000000','PAUSE',47),(339,'2025-05-17 00:00:04.000000',NULL,'2025-05-17 00:00:03.000000','PAUSE',47),(340,'2025-05-17 00:00:05.000000',NULL,'2025-05-17 00:00:04.000000','PAUSE',47),(341,'2025-05-17 00:00:07.000000',NULL,'2025-05-17 00:00:06.000000','PAUSE',47),(342,'2025-05-17 00:00:11.000000',NULL,'2025-05-17 00:00:09.000000','PAUSE',47),(343,'2025-05-17 00:00:13.000000',NULL,'2025-05-17 00:00:12.000000','PAUSE',47),(344,'2025-05-17 00:00:21.000000',NULL,'2025-05-17 00:00:19.000000','PAUSE',47),(345,'2025-05-17 00:00:24.000000',NULL,'2025-05-17 00:00:21.000000','PAUSE',47),(346,'2025-05-17 00:00:25.000000',NULL,'2025-05-17 00:00:24.000000','PAUSE',47),(347,'2025-05-17 00:00:27.000000',NULL,'2025-05-17 00:00:25.000000','PAUSE',47),(348,'2025-05-17 00:00:30.000000',NULL,'2025-05-17 00:00:30.000000','PAUSE',47),(381,'2025-05-17 00:00:00.000000','SLOW','2025-05-17 00:00:00.000000','SPEED',51),(382,'2025-05-17 00:00:01.000000',NULL,'2025-05-17 00:00:00.000000','PAUSE',51),(383,'2025-05-17 00:00:04.000000',NULL,'2025-05-17 00:00:03.000000','PAUSE',51),(384,'2025-05-17 00:00:05.000000',NULL,'2025-05-17 00:00:04.000000','PAUSE',51),(385,'2025-05-17 00:00:06.000000',NULL,'2025-05-17 00:00:06.000000','PAUSE',51),(386,'2025-05-17 00:00:08.000000',NULL,'2025-05-17 00:00:07.000000','PAUSE',51),(387,'2025-05-17 00:00:12.000000',NULL,'2025-05-17 00:00:11.000000','PAUSE',51),(388,'2025-05-17 00:00:14.000000',NULL,'2025-05-17 00:00:13.000000','PAUSE',51),(389,'2025-05-17 00:00:17.000000',NULL,'2025-05-17 00:00:16.000000','PAUSE',51),(390,'2025-05-17 00:00:30.000000',NULL,'2025-05-17 00:00:20.000000','PAUSE',51),(391,'2025-05-17 00:00:31.000000',NULL,'2025-05-17 00:00:30.000000','PAUSE',51),(402,'2025-05-17 00:00:00.000000','SLOW','2025-05-17 00:00:00.000000','SPEED',53),(403,'2025-05-17 00:00:05.000000',NULL,'2025-05-17 00:00:04.000000','PAUSE',53),(404,'2025-05-17 00:00:06.000000',NULL,'2025-05-17 00:00:05.000000','PAUSE',53),(405,'2025-05-17 00:00:07.000000',NULL,'2025-05-17 00:00:07.000000','PAUSE',53),(406,'2025-05-17 00:00:09.000000',NULL,'2025-05-17 00:00:08.000000','PAUSE',53),(407,'2025-05-17 00:00:13.000000',NULL,'2025-05-17 00:00:12.000000','PAUSE',53),(408,'2025-05-17 00:00:15.000000',NULL,'2025-05-17 00:00:14.000000','PAUSE',53),(409,'2025-05-17 00:00:17.000000',NULL,'2025-05-17 00:00:16.000000','PAUSE',53),(410,'2025-05-17 00:00:23.000000',NULL,'2025-05-17 00:00:20.000000','PAUSE',53),(411,'2025-05-17 00:00:24.000000',NULL,'2025-05-17 00:00:23.000000','PAUSE',53),(412,'2025-05-17 00:00:00.000000','SLOW','2025-05-17 00:00:00.000000','SPEED',54),(413,'2025-05-17 00:00:04.000000',NULL,'2025-05-17 00:00:03.000000','PAUSE',54),(414,'2025-05-17 00:00:05.000000',NULL,'2025-05-17 00:00:04.000000','PAUSE',54),(415,'2025-05-17 00:00:06.000000',NULL,'2025-05-17 00:00:05.000000','PAUSE',54),(416,'2025-05-17 00:00:08.000000',NULL,'2025-05-17 00:00:07.000000','PAUSE',54),(417,'2025-05-17 00:00:12.000000',NULL,'2025-05-17 00:00:11.000000','PAUSE',54),(418,'2025-05-17 00:00:14.000000',NULL,'2025-05-17 00:00:13.000000','PAUSE',54),(419,'2025-05-17 00:00:19.000000',NULL,'2025-05-17 00:00:19.000000','PAUSE',54),(446,'2025-05-17 00:00:01.000000',NULL,'2025-05-17 00:00:00.000000','PAUSE',63),(447,'2025-05-17 00:00:04.000000',NULL,'2025-05-17 00:00:03.000000','PAUSE',63),(448,'2025-05-17 00:00:09.000000',NULL,'2025-05-17 00:00:07.000000','PAUSE',63),(449,'2025-05-17 00:00:10.000000',NULL,'2025-05-17 00:00:09.000000','PAUSE',63),(450,'2025-05-17 00:00:14.000000',NULL,'2025-05-17 00:00:12.000000','PAUSE',63),(451,'2025-05-17 00:00:17.000000',NULL,'2025-05-17 00:00:17.000000','PAUSE',63),(452,'2025-05-17 00:00:21.000000',NULL,'2025-05-17 00:00:20.000000','PAUSE',63),(453,'2025-05-17 00:00:25.000000',NULL,'2025-05-17 00:00:24.000000','PAUSE',63),(454,'2025-05-17 00:00:28.000000',NULL,'2025-05-17 00:00:27.000000','PAUSE',63),(463,'2025-05-17 00:00:00.000000','SLOW','2025-05-17 00:00:00.000000','SPEED',64),(464,'2025-05-17 00:00:04.000000',NULL,'2025-05-17 00:00:02.000000','PAUSE',64),(465,'2025-05-17 00:00:04.000000',NULL,'2025-05-17 00:00:04.000000','PAUSE',64),(466,'2025-05-17 00:00:05.000000',NULL,'2025-05-17 00:00:05.000000','PAUSE',64),(467,'2025-05-17 00:00:08.000000',NULL,'2025-05-17 00:00:07.000000','PAUSE',64),(468,'2025-05-17 00:00:12.000000',NULL,'2025-05-17 00:00:11.000000','PAUSE',64),(469,'2025-05-17 00:00:14.000000',NULL,'2025-05-17 00:00:13.000000','PAUSE',64),(470,'2025-05-17 00:00:17.000000',NULL,'2025-05-17 00:00:16.000000','PAUSE',64),(471,'2025-05-17 00:00:30.000000',NULL,'2025-05-17 00:00:20.000000','PAUSE',64),(472,'2025-05-17 00:00:03.000000',NULL,'2025-05-17 00:00:01.000000','PAUSE',66),(473,'2025-05-17 00:00:08.000000',NULL,'2025-05-17 00:00:05.000000','PAUSE',66),(474,'2025-05-17 00:00:09.000000',NULL,'2025-05-17 00:00:08.000000','PAUSE',66),(475,'2025-05-17 00:00:12.000000',NULL,'2025-05-17 00:00:11.000000','PAUSE',66),(476,'2025-05-17 00:00:14.000000',NULL,'2025-05-17 00:00:13.000000','PAUSE',66),(477,'2025-05-17 00:00:19.000000',NULL,'2025-05-17 00:00:17.000000','PAUSE',66),(478,'2025-05-17 00:00:27.000000',NULL,'2025-05-17 00:00:26.000000','PAUSE',66),(479,'2025-05-17 00:00:28.000000',NULL,'2025-05-17 00:00:28.000000','PAUSE',66),(493,'2025-05-17 00:00:02.000000',NULL,'2025-05-17 00:00:01.000000','PAUSE',68),(494,'2025-05-17 00:00:06.000000',NULL,'2025-05-17 00:00:05.000000','PAUSE',68),(495,'2025-05-17 00:00:08.000000',NULL,'2025-05-17 00:00:08.000000','PAUSE',68),(496,'2025-05-17 00:00:13.000000',NULL,'2025-05-17 00:00:11.000000','PAUSE',68),(497,'2025-05-17 00:00:15.000000',NULL,'2025-05-17 00:00:14.000000','PAUSE',68),(498,'2025-05-17 00:00:17.000000',NULL,'2025-05-17 00:00:16.000000','PAUSE',68),(499,'2025-05-17 00:00:20.000000',NULL,'2025-05-17 00:00:19.000000','PAUSE',68),(500,'2025-05-17 00:00:26.000000',NULL,'2025-05-17 00:00:24.000000','PAUSE',68),(501,'2025-05-17 00:00:29.000000',NULL,'2025-05-17 00:00:28.000000','PAUSE',68),(502,'2025-05-17 00:00:31.000000',NULL,'2025-05-17 00:00:30.000000','PAUSE',68),(503,'2025-05-17 00:00:32.000000',NULL,'2025-05-17 00:00:31.000000','PAUSE',68),(504,'2025-05-17 00:00:33.000000',NULL,'2025-05-17 00:00:32.000000','PAUSE',68),(505,'2025-05-17 00:00:34.000000',NULL,'2025-05-17 00:00:33.000000','PAUSE',68),(506,'2025-05-17 00:00:36.000000',NULL,'2025-05-17 00:00:34.000000','PAUSE',68),(507,'2025-05-17 00:00:37.000000',NULL,'2025-05-17 00:00:36.000000','PAUSE',68),(508,'2025-05-17 00:00:40.000000',NULL,'2025-05-17 00:00:39.000000','PAUSE',68),(509,'2025-05-17 00:00:43.000000',NULL,'2025-05-17 00:00:42.000000','PAUSE',68),(510,'2025-05-17 00:00:46.000000',NULL,'2025-05-17 00:00:44.000000','PAUSE',68),(511,'2025-05-17 00:00:47.000000',NULL,'2025-05-17 00:00:46.000000','PAUSE',68),(512,'2025-05-17 00:00:50.000000',NULL,'2025-05-17 00:00:48.000000','PAUSE',68),(513,'2025-05-17 00:00:53.000000',NULL,'2025-05-17 00:00:52.000000','PAUSE',68),(544,'2025-05-17 00:00:00.000000','SLOW','2025-05-17 00:00:00.000000','SPEED',71),(545,'2025-05-17 00:00:25.000000',NULL,'2025-05-17 00:00:21.000000','PAUSE',71),(546,'2025-05-17 00:00:28.000000',NULL,'2025-05-17 00:00:25.000000','PAUSE',71),(547,'2025-05-17 00:00:30.000000',NULL,'2025-05-17 00:00:28.000000','PAUSE',71),(559,'2025-05-17 00:00:00.000000','SLOW','2025-05-17 00:00:00.000000','SPEED',73),(560,'2025-05-17 00:00:03.000000',NULL,'2025-05-17 00:00:01.000000','PAUSE',73),(561,'2025-05-17 00:00:00.000000','SLOW','2025-05-17 00:00:00.000000','SPEED',74),(562,'2025-05-17 00:00:01.000000',NULL,'2025-05-17 00:00:00.000000','PAUSE',75),(563,'2025-05-17 00:00:04.000000',NULL,'2025-05-17 00:00:03.000000','PAUSE',75),(564,'2025-05-17 00:00:09.000000',NULL,'2025-05-17 00:00:09.000000','PAUSE',75),(565,'2025-05-17 00:00:11.000000',NULL,'2025-05-17 00:00:10.000000','PAUSE',75),(566,'2025-05-17 00:00:11.000000',NULL,'2025-05-17 00:00:11.000000','PAUSE',75),(567,'2025-05-17 00:00:13.000000',NULL,'2025-05-17 00:00:12.000000','PAUSE',75),(568,'2025-05-17 00:00:14.000000',NULL,'2025-05-17 00:00:13.000000','PAUSE',75),(569,'2025-05-17 00:00:15.000000',NULL,'2025-05-17 00:00:14.000000','PAUSE',75),(570,'2025-05-17 00:00:19.000000',NULL,'2025-05-17 00:00:18.000000','PAUSE',75),(571,'2025-05-17 00:00:23.000000',NULL,'2025-05-17 00:00:23.000000','PAUSE',75),(572,'2025-05-17 00:00:24.000000',NULL,'2025-05-17 00:00:24.000000','PAUSE',75),(573,'2025-05-17 00:00:25.000000',NULL,'2025-05-17 00:00:24.000000','PAUSE',75),(574,'2025-05-17 00:00:30.000000',NULL,'2025-05-17 00:00:29.000000','PAUSE',75),(575,'2025-05-17 00:00:02.000000',NULL,'2025-05-17 00:00:01.000000','PAUSE',76),(576,'2025-05-17 00:00:05.000000',NULL,'2025-05-17 00:00:04.000000','PAUSE',76),(577,'2025-05-17 00:00:11.000000',NULL,'2025-05-17 00:00:11.000000','PAUSE',76),(578,'2025-05-17 00:00:16.000000',NULL,'2025-05-17 00:00:15.000000','PAUSE',76),(579,'2025-05-17 00:00:19.000000',NULL,'2025-05-17 00:00:18.000000','PAUSE',76),(580,'2025-05-17 00:00:22.000000',NULL,'2025-05-17 00:00:22.000000','PAUSE',76),(581,'2025-05-17 00:00:23.000000',NULL,'2025-05-17 00:00:22.000000','PAUSE',76),(582,'2025-05-17 00:00:25.000000',NULL,'2025-05-17 00:00:24.000000','PAUSE',76),(583,'2025-05-17 00:00:26.000000',NULL,'2025-05-17 00:00:25.000000','PAUSE',76),(584,'2025-05-17 00:00:30.000000',NULL,'2025-05-17 00:00:29.000000','PAUSE',76),(585,'2025-05-17 00:00:00.000000','SLOW','2025-05-17 00:00:00.000000','SPEED',77),(586,'2025-05-17 00:00:22.000000',NULL,'2025-05-17 00:00:19.000000','PAUSE',77),(587,'2025-05-17 00:00:01.000000',NULL,'2025-05-17 00:00:00.000000','PAUSE',78),(588,'2025-05-17 00:00:04.000000',NULL,'2025-05-17 00:00:03.000000','PAUSE',78),(589,'2025-05-17 00:00:05.000000',NULL,'2025-05-17 00:00:04.000000','PAUSE',78),(590,'2025-05-17 00:00:10.000000',NULL,'2025-05-17 00:00:09.000000','PAUSE',78),(591,'2025-05-17 00:00:11.000000',NULL,'2025-05-17 00:00:10.000000','PAUSE',78),(592,'2025-05-17 00:00:15.000000',NULL,'2025-05-17 00:00:14.000000','PAUSE',78),(593,'2025-05-17 00:00:19.000000',NULL,'2025-05-17 00:00:18.000000','PAUSE',78),(594,'2025-05-17 00:00:24.000000',NULL,'2025-05-17 00:00:23.000000','PAUSE',78),(595,'2025-05-17 00:00:26.000000',NULL,'2025-05-17 00:00:25.000000','PAUSE',78),(596,'2025-05-17 00:00:00.000000','SLOW','2025-05-17 00:00:00.000000','SPEED',79),(597,'2025-05-17 00:00:28.000000',NULL,'2025-05-17 00:00:22.000000','PAUSE',79),(598,'2025-05-17 00:00:00.000000','SLOW','2025-05-17 00:00:00.000000','SPEED',80),(599,'2025-05-17 00:00:13.000000',NULL,'2025-05-17 00:00:10.000000','PAUSE',80),(600,'2025-05-17 00:00:00.000000',NULL,'2025-05-17 00:00:00.000000','PAUSE',81),(601,'2025-05-17 00:00:02.000000',NULL,'2025-05-17 00:00:02.000000','PAUSE',81),(602,'2025-05-17 00:00:04.000000',NULL,'2025-05-17 00:00:02.000000','PAUSE',81),(603,'2025-05-17 00:00:06.000000',NULL,'2025-05-17 00:00:05.000000','PAUSE',81),(604,'2025-05-17 00:00:09.000000',NULL,'2025-05-17 00:00:08.000000','PAUSE',81),(605,'2025-05-17 00:00:14.000000',NULL,'2025-05-17 00:00:13.000000','PAUSE',81),(606,'2025-05-17 00:00:15.000000',NULL,'2025-05-17 00:00:14.000000','PAUSE',81),(607,'2025-05-17 00:00:20.000000',NULL,'2025-05-17 00:00:19.000000','PAUSE',81),(608,'2025-05-17 00:00:21.000000',NULL,'2025-05-17 00:00:20.000000','PAUSE',81),(609,'2025-05-17 00:00:00.000000','SLOW','2025-05-17 00:00:00.000000','SPEED',82),(610,'2025-05-17 00:00:24.000000',NULL,'2025-05-17 00:00:20.000000','PAUSE',82),(611,'2025-05-17 00:00:00.000000',NULL,'2025-05-17 00:00:00.000000','PAUSE',83),(612,'2025-05-17 00:00:02.000000',NULL,'2025-05-17 00:00:02.000000','PAUSE',83),(613,'2025-05-17 00:00:04.000000',NULL,'2025-05-17 00:00:02.000000','PAUSE',83),(614,'2025-05-17 00:00:10.000000',NULL,'2025-05-17 00:00:09.000000','PAUSE',83),(615,'2025-05-17 00:00:11.000000',NULL,'2025-05-17 00:00:11.000000','PAUSE',83),(616,'2025-05-17 00:00:13.000000',NULL,'2025-05-17 00:00:12.000000','PAUSE',83),(617,'2025-05-17 00:00:16.000000',NULL,'2025-05-17 00:00:15.000000','PAUSE',83),(618,'2025-05-17 00:00:22.000000',NULL,'2025-05-17 00:00:21.000000','PAUSE',83),(619,'2025-05-17 00:00:00.000000','SLOW','2025-05-17 00:00:00.000000','SPEED',84),(620,'2025-05-17 00:00:23.000000',NULL,'2025-05-17 00:00:18.000000','PAUSE',84),(621,'2025-05-17 00:00:29.000000',NULL,'2025-05-17 00:00:23.000000','PAUSE',84),(622,'2025-05-17 00:00:01.000000',NULL,'2025-05-17 00:00:00.000000','PAUSE',85),(623,'2025-05-17 00:00:03.000000',NULL,'2025-05-17 00:00:02.000000','PAUSE',85),(624,'2025-05-17 00:00:04.000000',NULL,'2025-05-17 00:00:03.000000','PAUSE',85),(625,'2025-05-17 00:00:11.000000',NULL,'2025-05-17 00:00:09.000000','PAUSE',85),(626,'2025-05-17 00:00:16.000000',NULL,'2025-05-17 00:00:15.000000','PAUSE',85),(627,'2025-05-17 00:00:16.000000',NULL,'2025-05-17 00:00:16.000000','PAUSE',85),(628,'2025-05-17 00:00:22.000000',NULL,'2025-05-17 00:00:21.000000','PAUSE',85),(629,'2025-05-17 00:00:01.000000',NULL,'2025-05-17 00:00:00.000000','PAUSE',86),(630,'2025-05-17 00:00:03.000000',NULL,'2025-05-17 00:00:02.000000','PAUSE',86),(631,'2025-05-17 00:00:05.000000',NULL,'2025-05-17 00:00:03.000000','PAUSE',86),(632,'2025-05-17 00:00:11.000000',NULL,'2025-05-17 00:00:09.000000','PAUSE',86),(633,'2025-05-17 00:00:16.000000',NULL,'2025-05-17 00:00:15.000000','PAUSE',86),(634,'2025-05-17 00:00:16.000000',NULL,'2025-05-17 00:00:16.000000','PAUSE',86),(635,'2025-05-17 00:00:17.000000',NULL,'2025-05-17 00:00:16.000000','PAUSE',86),(636,'2025-05-17 00:00:20.000000',NULL,'2025-05-17 00:00:19.000000','PAUSE',86),(637,'2025-05-17 00:00:23.000000',NULL,'2025-05-17 00:00:21.000000','PAUSE',86),(638,'2025-05-17 00:00:23.000000',NULL,'2025-05-17 00:00:23.000000','PAUSE',86),(639,'2025-05-17 00:00:30.000000',NULL,'2025-05-17 00:00:28.000000','PAUSE',86),(640,'2025-05-17 00:00:01.000000',NULL,'2025-05-17 00:00:00.000000','PAUSE',88),(641,'2025-05-17 00:00:03.000000',NULL,'2025-05-17 00:00:03.000000','PAUSE',88),(642,'2025-05-17 00:00:05.000000',NULL,'2025-05-17 00:00:04.000000','PAUSE',88),(643,'2025-05-17 00:00:07.000000',NULL,'2025-05-17 00:00:07.000000','PAUSE',88),(644,'2025-05-17 00:00:12.000000',NULL,'2025-05-17 00:00:11.000000','PAUSE',88),(645,'2025-05-17 00:00:17.000000',NULL,'2025-05-17 00:00:16.000000','PAUSE',88),(646,'2025-05-17 00:00:22.000000',NULL,'2025-05-17 00:00:21.000000','PAUSE',88),(647,'2025-05-17 00:00:00.000000','MIDDLE','2025-05-17 00:00:00.000000','SPEED',89),(648,'2025-05-17 00:00:22.000000',NULL,'2025-05-17 00:00:19.000000','PAUSE',89),(649,'2025-05-17 00:00:04.000000',NULL,'2025-05-17 00:00:03.000000','PAUSE',90),(650,'2025-05-17 00:00:06.000000',NULL,'2025-05-17 00:00:04.000000','PAUSE',90),(651,'2025-05-17 00:00:11.000000',NULL,'2025-05-17 00:00:10.000000','PAUSE',90),(652,'2025-05-17 00:00:12.000000',NULL,'2025-05-17 00:00:12.000000','PAUSE',90),(653,'2025-05-17 00:00:17.000000',NULL,'2025-05-17 00:00:17.000000','PAUSE',90),(654,'2025-05-17 00:00:18.000000',NULL,'2025-05-17 00:00:18.000000','PAUSE',90),(655,'2025-05-17 00:00:20.000000',NULL,'2025-05-17 00:00:19.000000','PAUSE',90),(656,'2025-05-17 00:00:24.000000',NULL,'2025-05-17 00:00:23.000000','PAUSE',90),(657,'2025-05-17 00:00:30.000000',NULL,'2025-05-17 00:00:30.000000','PAUSE',90);
/*!40000 ALTER TABLE `video_feedback_points` ENABLE KEYS */;
UNLOCK TABLES;
/*!40103 SET TIME_ZONE=@OLD_TIME_ZONE */;

/*!40101 SET SQL_MODE=@OLD_SQL_MODE */;
/*!40014 SET FOREIGN_KEY_CHECKS=@OLD_FOREIGN_KEY_CHECKS */;
/*!40014 SET UNIQUE_CHECKS=@OLD_UNIQUE_CHECKS */;
/*!40101 SET CHARACTER_SET_CLIENT=@OLD_CHARACTER_SET_CLIENT */;
/*!40101 SET CHARACTER_SET_RESULTS=@OLD_CHARACTER_SET_RESULTS */;
/*!40101 SET COLLATION_CONNECTION=@OLD_COLLATION_CONNECTION */;
/*!40111 SET SQL_NOTES=@OLD_SQL_NOTES */;

-- Dump completed on 2025-05-21 14:59:00
